ID,target
1,4.25389015967653
2,0.420411770423118
3,2.93709209479652
4,2.60891264442448
5,3.34285009305728
6,2.3113156770743
7,1.1389882770834
8,7.54587950918858
9,4.08533485641134
10,4.41483352321748
11,2.22250909499476
12,5.57537509585131
13,1.87503056607911
14,5.26531060571701
15,1.61479381575252
16,3.09422878205235
17,2.37604431366436
18,2.85925444199711
19,2.99167897531844
20,1.85487232519794
21,7.70242295146798
22,5.62210084799104
23,3.00894783255354
24,8.1514499536181
25,5.66768767540356
26,1.55292507340853
27,3.11217237051895
28,1.52087768909464
29,1.43823797151137
30,1.0831319733099
31,1.36339340251843
32,2.14232323954897
33,1.70030182114319
34,1.67099875583046
35,1.25213165961578
36,4.10213792945564
37,6.88092156856154
38,1.88816755669307
39,1.70437939650303
40,6.70994715008531
41,6.11147391045288
42,4.3185000554363
43,2.0245504291982
44,4.05212523538459
45,2.61975212695692
46,3.19995407019998
47,2.41467368186615
48,1.90463111767524
49,2.29887296330161
50,1.31085376341676
51,1.60974127143852
52,2.31685679327959
53,1.51102694856176
54,4.67364908142728
55,0.795373787455313
56,6.02935607049834
57,1.20241107167245
58,1.64998429650164
59,10.6187023582611
60,1.98432754883824
61,2.87939603557989
62,2.85533353412769
63,1.12127237348292
64,1.47867748178323
65,2.66451433182317
66,1.15854512579126
67,4.78397985527368
68,0.917928362944985
69,3.04068737626185
70,3.46809938148191
71,1.16146674687175
72,3.81682761682293
73,2.61627494667645
74,1.18168233681374
75,2.17744944365509
76,2.56303737213101
77,7.32697536606675
78,7.39594183743471
79,4.80064731391906
80,4.66892910420894
81,1.90621621198634
82,4.00398068669619
83,2.42682733774697
84,4.37886847792777
85,10.0554898854489
86,4.10585972292606
87,1.63604219781613
88,3.27072442845472
89,2.37356689239523
90,5.66193906912198
91,3.12636686805996
92,1.58845265325863
93,1.57839807845813
94,2.99163138332463
95,5.13529458643475
96,2.53421876820802
97,1.60099623601383
98,2.33252427603944
99,1.64426142858222
100,4.17696848717427
101,1.42453829761848
102,1.52932780878259
103,6.82850627180067
104,1.10859729646098
105,5.49834951605838
106,1.05656219577286
107,1.5050907122812
108,1.11648999503054
109,2.11376597955727
110,8.28217111198694
111,4.78320938228817
112,1.31227056548257
113,4.48310406401953
114,1.48084763939684
115,1.38599996087393
116,1.08055722715639
117,2.34403569366346
118,0.68780585782055
119,1.42634572712381
120,2.38492156936347
121,1.22097154974449
122,6.08644672135079
123,2.82627521445872
124,0.995388839454179
125,10.6423156643916
126,3.60629337053521
127,6.74667929538478
128,1.29079897629759
129,1.64460784735956
130,1.77538881059589
131,2.93402969475
132,2.22782600451421
133,6.24351340970725
134,1.3293216655908
135,1.86562560032728
136,3.43884055364418
137,3.40664838041328
138,2.30309935948037
139,2.84266108000203
140,8.64111865878032
141,3.33196023231568
142,9.41789432919495
143,4.69681260433303
144,2.70338029022303
145,1.78341396095903
146,2.51461121210851
147,2.76331085682419
148,6.12594839885723
149,3.74596644091105
150,5.39230996609687
151,2.68342090842463
152,5.63584617528343
153,9.39577926581582
154,3.76244911111801
155,0.491383614512146
156,3.95709285065354
157,2.3092474679783
158,3.32618475953515
159,3.25660346015453
160,1.26060945266752
161,3.04042856065556
162,2.48972238602127
163,3.76985257657884
164,2.62966490061998
165,2.17740525209563
166,6.07471872534471
167,4.59756819862435
168,3.61762080908065
169,1.90249169688411
170,2.30898591141373
171,1.50690012863559
172,3.55558208646207
173,3.33068931429623
174,10.7519509220418
175,3.24633143746204
176,2.93705459145087
177,9.5472803374989
178,2.47772634998799
179,1.51102694856176
180,1.15663403356007
181,2.08570622124637
182,1.11939101940919
183,4.00335065080985
184,1.2386141876041
185,1.88386414388255
186,1.510422423001
187,3.09715803644957
188,4.59917412965261
189,2.46899188883289
190,1.10132244458446
191,3.34937509444969
192,1.29229324298317
193,1.16879340907118
194,3.70048793938433
195,1.64179602083931
196,2.42566636110461
197,10.7069840337496
198,3.22789938232048
199,1.14509138904768
200,6.83351979249655
201,7.12856566291743
202,1.42715803252675
203,2.44485299103107
204,1.372957695042
205,1.44016066974694
206,3.34786228719515
207,1.46550822334273
208,3.06540359845006
209,1.5331113820401
210,2.48384077293016
211,1.87670882542479
212,9.07433927481977
213,5.20891661957776
214,2.68677220602745
215,6.73906992291834
216,1.84381820826056
217,2.29453868129287
218,1.28606895831056
219,2.14568852967671
220,2.86649600597182
221,1.30940577141026
222,6.31101564752598
223,9.68886365874258
224,1.27785495992974
225,7.36670630771351
226,1.89544554098538
227,7.10836605436344
228,3.05610000120922
229,0.842989801142105
230,7.04397130888557
231,2.15342698858705
232,3.78855946649294
233,1.56380129417691
234,3.97397930299146
235,1.00006235800297
236,6.27336179797515
237,9.11642143953235
238,1.99822881000342
239,1.22777093172761
240,1.61841210246972
241,8.81471656580677
242,1.73051740966171
243,4.78173659718544
244,3.42529783951705
245,1.51296766338781
246,2.0009776311732
247,0.685956002937352
248,1.69149048237447
249,2.50110110207263
250,1.4270843230533
251,0.607367226340678
252,3.20459916362302
253,5.24408634546081
254,4.22184177112274
255,2.76394234725931
256,2.0865952951495
257,1.06907368273874
258,8.8048658252739
259,5.04650453939649
260,3.4984324273343
261,1.41251954323302
262,3.65918259422418
263,1.45066833023192
264,1.60333741029521
265,2.69264687440725
266,3.43005946662148
267,1.10284320450496
268,2.63820466592084
269,1.23442571627633
270,0.762082858503892
271,2.05501927997343
272,1.37302162439338
273,10.3650409557941
274,2.66324038248076
275,1.57591291503675
276,3.88447894782101
277,1.83695548338203
278,1.2095299365803
279,1.89958250524539
280,1.92906210040862
281,2.59561025714713
282,3.19418181256501
283,3.33962087911238
284,3.12184906266419
285,1.27898199290366
286,2.59084934847578
287,1.59908317891064
288,1.47894718539605
289,2.74006251943579
290,2.87127417651341
291,3.70845901248984
292,3.90511996745773
293,6.63469302778569
294,1.76195325888864
295,1.62218060729583
296,5.10846662427847
297,2.25634074231562
298,2.98583198736537
299,1.11484722130643
300,2.53854518834779
301,2.97366136600671
302,1.65869822295001
303,1.43734964090734
304,2.9913478059522
305,1.41533457964223
306,6.27129235641511
307,1.66917241284064
308,2.54016219665966
309,3.13681999770583
310,9.25036084831183
311,1.67119422810746
312,4.01045059120705
313,2.9225203991323
314,2.7019121257767
315,1.04888060260134
316,1.04202477850458
317,6.46399501521804
318,2.91632201408142
319,1.61030235149677
320,3.18753524933056
321,1.60815361644493
322,3.11677266779623
323,2.17901462823205
324,3.33712500997737
325,1.45066833023192
326,1.31953810873047
327,4.13209895175627
328,1.28130154181814
329,0.707267580118349
330,7.44865826498048
331,3.99046703288228
332,2.38140911273241
333,1.17518780901981
334,1.17886915885849
335,2.97044889918631
336,1.220315835922
337,3.18467142440345
338,8.45149590149122
339,1.53905526242273
340,0.956525289615023
341,4.28253861477472
342,3.38493344967028
343,1.08500602349659
344,2.80742209592944
345,1.31559477716201
346,6.56527405951346
347,0.607428305621543
348,1.24881348613443
349,2.74239720823911
350,3.94554264272239
351,1.62867826066462
352,2.06439542635427
353,4.93899321572093
354,3.02150542596561
355,8.85555983590901
356,1.46210243699981
357,2.12589640197136
358,1.81781622773297
359,4.05601000389125
360,1.59779399467104
361,1.48336185357131
362,3.7812828871851
363,3.08801248720386
364,1.36670775193938
365,5.29523096303336
366,0.6876082296984
367,1.37271133748714
368,1.96538564329626
369,1.48902255214807
370,1.54822302606073
371,6.65978901965173
372,5.87381495934654
373,3.62026573360104
374,3.3168977601844
375,1.22789021111609
376,3.61988379245678
377,2.07691750520728
378,2.21802958288007
379,2.04623993903764
380,0.994778243628096
381,2.43437516293189
382,2.21458155704028
383,2.95652046707223
384,2.77610808413343
385,2.02868677891357
386,2.80141702933645
387,1.8833260549491
388,4.5766286724197
389,1.31507485866289
390,2.00694738709137
391,6.38635508578704
392,3.28475341796275
393,3.64974151986593
394,2.50231065275915
395,3.71366065910109
396,3.28811816934958
397,2.68010848080539
398,2.3889428382431
399,2.47668255981155
400,2.69998643940134
401,2.86959779623625
402,10.6318378362924
403,1.11363485492115
404,1.59243064899706
405,1.4611461583311
406,1.65103143616838
407,8.20522466751929
408,0.474576577455095
409,6.8636698291332
410,4.35546334285302
411,1.75344703094144
412,5.10126783500945
413,3.42793273616474
414,5.28175815562942
415,3.65379630588428
416,2.39120800186095
417,1.93169343119083
418,3.26718442660226
419,2.9456125893447
420,6.78715733573188
421,2.75319516380068
422,1.64963983965176
423,2.6439280058867
424,3.44743982496474
425,1.25041445442598
426,1.1898980890141
427,1.49069837992972
428,1.43623668462766
429,3.18396695604146
430,1.72635489879371
431,0.917335726693074
432,5.26971402237503
433,1.68323323323615
434,1.36745810603849
435,3.72078124154136
436,4.33658526095509
437,1.68279093266108
438,2.4516181913811
439,1.36284601036635
440,1.42735746194806
441,1.88805195391193
442,1.48389579407853
443,4.33609857463228
444,4.76163568664165
445,5.9279994778542
446,3.8795323198619
447,5.38573628053484
448,2.51621946471575
449,0.895492814563728
450,1.09031593041766
451,1.40046638136179
452,0.83670688161804
453,3.20091628382834
454,1.0765736268943
455,4.24948893957401
456,2.70616799656051
457,4.31336946841306
458,1.68993232138162
459,3.85489783059785
460,3.21236782098214
461,0.984001855139464
462,3.08679015204972
463,1.46687756407453
464,2.97945786589531
465,1.03746825864572
466,1.65858118620102
467,5.72083956618203
468,8.40576086614785
469,4.4634220692793
470,0.449134117559028
471,2.57203534425049
472,3.53806789889735
473,3.97709454276912
474,1.82231395500623
475,0.922768597001153
476,2.34179931822698
477,0.880801108420367
478,2.36388413869986
479,5.1768852170898
480,3.36700110808962
481,7.99942092232085
482,1.1827095906067
483,2.26255005893903
484,3.25080768849323
485,6.99268088423068
486,1.52485502302971
487,1.99615366744834
488,2.35879636392675
489,5.23773033595806
490,0.588825068995088
491,3.14681097491145
492,1.84551115144842
493,2.89708557243393
494,2.44481894051514
495,1.62980630051698
496,2.66747087783771
497,2.28317009972153
498,1.25314194238348
499,2.77912267822937
500,2.70105962723199
501,0.593471046977459
502,4.12301650143656
503,1.48699393720752
504,2.89456312282819
505,2.1497469009298
506,3.25703991743723
507,3.62070598831529
508,2.3907239631035
509,3.64191765931851
510,5.08926031989071
511,2.44564022099031
512,1.15564746656401
513,1.0309362633714
514,4.51882224005204
515,1.04848657055508
516,2.93147076185939
517,2.61397854905541
518,1.82480999550231
519,3.6210374789816
520,2.58986413561341
521,3.22381987336355
522,4.25752133832678
523,3.47844061396171
524,1.41898843502941
525,2.84467091602082
526,4.05058721762307
527,6.63436429319659
528,6.28569790128522
529,3.56408408201921
530,2.43746279129862
531,1.46462593588665
532,2.63896035812648
533,1.4755594007419
534,1.41471214956573
535,1.07496027960212
536,2.38961412144815
537,8.87277226878867
538,2.33742238578455
539,6.9500316116987
540,10.8621903306023
541,3.3275440681371
542,3.61508845030165
543,4.58138856395398
544,1.31579060201121
545,1.39927325272292
546,1.69952049288513
547,3.39344367597167
548,1.06084505697303
549,1.05005052577455
550,2.51696185416237
551,2.47833793869259
552,1.34335895466529
553,0.820320262104499
554,2.41697659721409
555,3.3682012054012
556,5.05363480073103
557,1.97354346817428
558,3.59698178131661
559,0.431586398722446
560,0.837484215772134
561,3.81310650391106
562,1.95287756832945
563,3.13566614506904
564,2.36512783228997
565,4.51662251439922
566,1.33118233204881
567,7.66708732910057
568,7.11157641288248
569,1.31693059135717
570,1.41456401112356
571,2.0801836538524
572,3.30368812613229
573,2.7700531364585
574,1.26325471326555
575,2.08286291207735
576,2.53531306373847
577,1.22165426664587
578,1.16702092114427
579,5.49627900752636
580,3.35341362627387
581,2.67263843021814
582,3.78600118863666
583,3.25379268920577
584,3.44826130479679
585,2.87282990819193
586,1.39772910050726
587,2.04421031065032
588,1.06909580956086
589,2.65689251689636
590,3.22553830395266
591,2.70357507918558
592,1.3951280571308
593,2.14410356694762
594,2.14777829018779
595,1.29696379999748
596,2.07787611543799
597,6.55737522107262
598,1.42442845094381
599,1.75211543806044
600,1.98704778272484
601,1.11406189086231
602,3.40638715872943
603,3.22582828089265
604,1.24877830630899
605,3.72779479929887
606,2.56955493967173
607,1.76975356831706
608,1.81481646634441
609,0.75272840081269
610,1.35077530635561
611,8.30562724730426
612,2.65644531271879
613,3.50168407694793
614,5.45166520067198
615,3.02390202669046
616,4.27071000570972
617,2.08117448729278
618,2.58916860992529
619,1.36797430758983
620,6.29646332401808
621,1.39380256350534
622,1.6273680294507
623,2.52915393406762
624,3.96114954858345
625,4.32750256288031
626,2.71779791150765
627,2.84894116467244
628,3.48435624527387
629,1.32512077807113
630,2.77828749935009
631,3.37702107510459
632,1.89507849009244
633,4.40838184272686
634,8.66505125845874
635,2.39917323596261
636,1.03973826368892
637,1.83493694856773
638,4.73346350581908
639,6.4192195891587
640,1.93500327199697
641,9.86054282675001
642,1.58770937845065
643,3.39838051456612
644,2.56787904399213
645,1.83980816994745
646,1.01875094762762
647,1.43766333229497
648,2.1110563872267
649,1.51480086115423
650,1.47517422990858
651,1.2114174631305
652,2.39488490742875
653,6.35132762942205
654,1.3952369857486
655,2.02732680355656
656,1.87219245111077
657,3.47847747894685
658,2.79375113935989
659,1.00386838235937
660,3.26858935043476
661,1.70459148599895
662,2.76839339062782
663,6.2363458199701
664,1.31085376341676
665,7.01932364128164
666,2.4735475801956
667,2.01148523074291
668,1.77939213129535
669,2.30805159208347
670,3.84910825835146
671,4.54305186756512
672,4.29912107829614
673,1.51877364951535
674,2.49044748529037
675,1.36950322754066
676,1.16379363919855
677,1.24146079251284
678,3.07569800822083
679,2.3382418616321
680,1.45066833023192
681,1.40016045243496
682,1.29115228235101
683,1.85454906334811
684,2.83628226179821
685,1.60376129600433
686,6.38194315574534
687,1.03803108138559
688,7.29135156387005
689,1.81750831733664
690,3.04821402151817
691,2.09191347772961
692,3.70187432762459
693,2.49027192515829
694,1.39629788406047
695,2.07402140896877
696,3.48546422827578
697,7.33867002547506
698,3.25843243493886
699,3.82659172026355
700,5.73869359472009
701,2.00705693324425
702,2.56782897021593
703,3.22961415628943
704,2.1397355198428
705,1.48084763939684
706,2.2027914301454
707,2.75090704702022
708,2.18249160982725
709,1.72282098235887
710,1.45406540688928
711,2.4102297722846
712,1.41446954612134
713,5.5264882477902
714,1.45066833023192
715,2.27853575951764
716,4.90595665755614
717,1.86830157882069
718,1.44789153367926
719,5.36522899534416
720,2.64351226944083
721,1.37921582484244
722,1.46580354481306
723,8.39148333621914
724,2.61236251446604
725,1.0404089317072
726,2.06282983725196
727,1.92844043327166
728,3.07354499730387
729,2.30031175751983
730,2.39990569153203
731,2.16779505040729
732,1.39894164231885
733,1.74075183215293
734,2.66707407663396
735,1.53663438678718
736,2.29879752948565
737,1.0900390225401
738,1.85383162057088
739,3.40981910642483
740,3.35848192062598
741,0.805112695802113
742,1.27621955591692
743,1.13501166676851
744,1.01287793338431
745,3.62687429278738
746,4.03597727427743
747,1.94330032429718
748,5.15931366269192
749,6.03632771299572
750,2.9463777721708
751,2.2007373753484
752,1.63981759216115
753,1.24505245637433
754,2.83775314108276
755,4.89910284526887
756,4.96575181048629
757,1.69502162589383
758,3.1419992977034
759,2.24241346608698
760,3.58202761857029
761,2.39975199173974
762,3.57136778632172
763,0.805619739532243
764,3.98813604778838
765,2.39710472238795
766,2.06730617808664
767,1.5667973629402
768,1.68073142791035
769,8.73089711691643
770,2.83357958207834
771,2.59858897999819
772,0.863680670720393
773,1.29623628402455
774,2.7506517609364
775,1.99133349689731
776,2.78516387504859
777,4.05019968787741
778,1.50117620802889
779,4.63579293843067
780,3.97606023199643
781,2.61857752890625
782,3.25867651799857
783,2.75325056819738
784,2.04115968786663
785,1.01447141031355
786,2.62318180554903
787,10.7470140834473
788,2.08614366092864
789,1.39406392186925
790,2.0106750359405
791,1.93809752460164
792,1.87838982003972
793,2.33170645046883
794,1.70058413981121
795,4.92973811215527
796,2.09776206617959
797,3.25856594775096
798,1.43109662950068
799,0.819920556428369
800,1.81053366578526
801,5.70235869116664
802,2.71008785489462
803,4.70336298959431
804,3.97119616601105
805,0.967675966300008
806,1.80863880145531
807,2.72515457624691
808,1.46743663318647
809,2.23513172919958
810,2.85768425610092
811,1.84315471901889
812,0.972405214289086
813,1.47439405022367
814,2.07010588229558
815,1.82337281550839
816,1.19289170985907
817,7.47561899110058
818,4.24864071740068
819,3.3696286115497
820,1.01496373208152
821,2.23104573364206
822,1.34534282360983
823,3.47118194217973
824,2.66127929986138
825,2.73454283936471
826,3.7406777160603
827,1.43557285048702
828,4.99527349064422
829,3.18851629699191
830,5.12460034727769
831,7.48047586066446
832,3.4145563441559
833,10.7377904304808
834,1.46722298627151
835,8.63944983826646
836,7.58050169084084
837,2.78243486384436
838,3.29305500794403
839,4.47010895494341
840,2.79199196907148
841,1.69250404434201
842,2.94154402385104
843,0.863582723602076
844,2.17368484281074
845,3.96944155499021
846,1.31217339833662
847,8.89477666520236
848,2.98649081958588
849,2.20324169823355
850,1.37736490746855
851,4.28518730322484
852,1.97662315877562
853,1.30344448242482
854,0.793339828731701
855,2.46784270902607
856,2.64178602592785
857,2.29614219354919
858,2.76740437647898
859,3.24808811965179
860,1.5709178564131
861,2.67333756040966
862,3.13187886211563
863,2.47023733209412
864,2.30298847781611
865,2.66393973485591
866,2.0885634635219
867,4.70698411769211
868,4.60725060515974
869,6.46584799738118
870,0.869496204421466
871,3.46608742293461
872,1.79009035155757
873,4.69869307721973
874,1.33014475797141
875,5.13761781828578
876,1.22189271186728
877,3.77625251699359
878,5.42731185094666
879,1.87065704205282
880,1.15331163406082
881,3.00453793517075
882,8.15569832761139
883,3.26718544980726
884,2.145457744415
885,3.88071661932804
886,1.29747204896463
887,2.1007523266865
888,3.23421672691739
889,2.03313927337477
890,1.37807982556919
891,6.47769721004113
892,4.28651934261907
893,2.28361733162102
894,1.49383431812433
895,1.32832671054244
896,1.05888802806234
897,3.6513084714565
898,1.8221619724148
899,1.47728737371934
900,2.23058646922731
901,2.79194173850274
902,1.96468341104755
903,1.48084763939684
904,2.70437570157372
905,1.87385597275134
906,3.17826518750484
907,2.46232309262723
908,3.5895284432834
909,1.49069837992972
910,2.1564161475059
911,2.45510128360212
912,0.682931522630006
913,3.56597158357432
914,1.45242454854785
915,1.74448789690383
916,3.90872797894271
917,2.83613413087475
918,2.01613518927849
919,1.59838396287862
920,1.3958507014068
921,10.513127279622
922,1.93665598696813
923,1.83488822535411
924,1.49069837992972
925,2.61307133205102
926,1.22231594334666
927,0.987796944326681
928,3.58025017448465
929,1.75698143543881
930,1.53488074718984
931,6.81271883711509
932,3.87369045890911
933,3.50444496758452
934,2.45062632632314
935,1.16586814850445
936,3.97967479314992
937,1.20691134292105
938,3.04828516186063
939,1.50262068402412
940,2.93318281641116
941,6.41599592138545
942,1.49132546749602
943,6.91010035881664
944,5.30971808700764
945,7.74487236471603
946,3.65318710994524
947,2.77447273307111
948,5.42554680781866
949,5.40939681779418
950,1.37060823083633
951,1.38467444373098
952,4.11918119923746
953,2.72883365699736
954,7.7836231293651
955,4.5669396342599
956,0.561374537079788
957,4.77516767979193
958,6.25272338727436
959,0.722835977246324
960,2.19782580141472
961,4.63227824459082
962,4.0527109145696
963,1.28447022153594
964,2.66682112173857
965,3.41398186520438
966,4.13070645489656
967,2.4366627545752
968,3.69023464775882
969,2.63492604548823
970,4.43361903242571
971,2.87983333246044
972,2.15135543794325
973,6.44770511014536
974,1.24515303145778
975,6.0824206432992
976,3.03781697862409
977,1.75556865092263
978,4.4024370459905
979,8.66442417089244
980,1.37237530774859
981,1.36836955436567
982,1.01616339663283
983,2.878597364011
984,4.77741893697356
985,6.95687080403184
986,1.40632852950597
987,1.04738255540459
988,1.14423447965601
989,1.97159450133997
990,2.248210075947
991,1.37785468802665
992,2.11814838601461
993,3.66691351333536
994,1.7763532421839
995,1.6915500622161
996,5.56262447104334
997,2.54238809332374
998,1.43783824425556
999,2.17536463973883
1000,1.89935761572992
1001,1.85375355139236
1002,2.24417420410342
1003,1.53753107052458
1004,5.43250473198023
1005,3.50280064211217
1006,5.99256691546411
1007,6.69535001494613
1008,3.29984626507852
1009,1.78794399824842
1010,4.31910438584086
1011,1.34566085126514
1012,1.73672525112729
1013,10.7413176656928
1014,2.17677379833671
1015,3.38669355273374
1016,1.39263774937766
1017,1.28868547819538
1018,2.52260377008535
1019,1.6312981892375
1020,1.50527389509339
1021,2.60225796920319
1022,2.22215635749736
1023,1.36869442053487
1024,1.4874284895601
1025,3.03672253846059
1026,1.67527846714251
1027,4.37444822485615
1028,2.3672181676218
1029,1.33915643914531
1030,1.58533961430965
1031,6.58140510776968
1032,2.55637183839947
1033,8.3207935869317
1034,1.44081758969905
1035,3.75271313537786
1036,1.41465628076385
1037,6.02509677123898
1038,0.96430138865032
1039,3.77516874139972
1040,3.42861329153349
1041,10.2484509977366
1042,2.47785374220457
1043,7.52420609299994
1044,1.79106960658818
1045,2.24854827004224
1046,7.74295262232628
1047,2.37578362151431
1048,2.85759841981732
1049,1.57437810259116
1050,1.72995405625422
1051,3.4087737967826
1052,5.28080803720189
1053,2.85982194304687
1054,1.32887941670086
1055,6.38282557302582
1056,1.91221480997213
1057,4.98820630425897
1058,2.71180256291085
1059,1.81576111692092
1060,1.420489021067
1061,1.1186959294178
1062,3.21889821731037
1063,1.0315810681341
1064,2.01243434577954
1065,1.07173254614647
1066,1.73165856326242
1067,1.87552180128343
1068,3.05726639613339
1069,2.38202554241603
1070,8.60490814823456
1071,3.09592749712847
1072,2.32847063367599
1073,1.26550459636203
1074,1.81115942893447
1075,2.79523196164906
1076,7.17900208376804
1077,2.86476249289178
1078,2.47210023528237
1079,0.608942304604066
1080,1.54065228864836
1081,4.63742592448217
1082,1.83110116903188
1083,1.03235417154467
1084,1.88657025909708
1085,1.9455853382828
1086,2.13862709353273
1087,2.69778694947047
1088,1.4906860221462
1089,2.35233731372667
1090,5.76315329375686
1091,1.17269087412283
1092,2.04485351627102
1093,3.12182989348738
1094,0.983624086522189
1095,2.84120913071849
1096,3.92403068240703
1097,0.92192431209214
1098,1.36998114327003
1099,2.70194440359777
1100,3.84970830417499
1101,3.43605699030253
1102,2.26352956153552
1103,2.43049729757501
1104,2.26404484247595
1105,1.49069837992972
1106,1.36567139224188
1107,2.14256772986974
1108,6.29288241719693
1109,1.97492664710662
1110,8.0434350077035
1111,8.24790522804289
1112,2.86315779603182
1113,2.02328918263217
1114,2.69477229108379
1115,3.0155809898867
1116,7.62724445225076
1117,1.40306664818856
1118,2.07029875402212
1119,1.01991641267498
1120,1.52946886808577
1121,1.35084664138216
1122,1.93326023755168
1123,2.90042654368739
1124,0.602665746333537
1125,1.15325570159835
1126,2.45378847988658
1127,3.09381793762684
1128,4.67807819499413
1129,2.21767381937465
1130,2.67182804844667
1131,2.88852339933911
1132,3.27533262348108
1133,1.40686436794166
1134,3.91225844724287
1135,5.13058605982226
1136,5.98644692276505
1137,2.75382870573515
1138,6.05129827539183
1139,3.02710661330431
1140,1.90075805491096
1141,8.07806251086415
1142,1.4067270415028
1143,1.20879104500354
1144,1.92520167999549
1145,2.70392483667035
1146,1.55824312399492
1147,4.15362814536798
1148,2.78427145486032
1149,2.32395340614493
1150,7.08158071998339
1151,5.7888180213565
1152,2.38476207485036
1153,2.66408990464011
1154,1.92949375585056
1155,1.69752322256161
1156,2.87045410838069
1157,1.68799927982018
1158,3.70071247585799
1159,2.6571371775068
1160,3.17620533640037
1161,2.20663441056832
1162,3.35055690767678
1163,5.24368025531418
1164,3.0799272397883
1165,1.26993444995649
1166,3.74639812250319
1167,2.54646250585478
1168,9.66291858271974
1169,1.16649929773931
1170,1.7689184273426
1171,3.84357672662528
1172,2.37747070250904
1173,2.99886557608085
1174,0.681798075145005
1175,2.70023907283868
1176,3.51217897057876
1177,10.8320110214374
1178,1.36013040273716
1179,1.58394875149029
1180,3.53307338060185
1181,3.69545856311408
1182,1.98502926209519
1183,1.23322729462562
1184,5.04588122671335
1185,2.54846965182783
1186,1.20090824295808
1187,5.34281128669263
1188,0.900085174660649
1189,2.13972405025446
1190,1.76291761336366
1191,6.68929223178592
1192,2.2040025506065
1193,4.68583862013254
1194,1.52087768909464
1195,3.9040947470748
1196,1.88995765185954
1197,5.47066654915675
1198,10.8424888495366
1199,2.35000531250815
1200,1.11983620572714
1201,1.47525730736288
1202,2.89437429534778
1203,5.45638246843975
1204,0.832899353722654
1205,7.70073205555378
1206,3.62126281982533
1207,2.03288663005842
1208,2.67112918440884
1209,1.51348561647967
1210,1.36551120624152
1211,2.63104223014502
1212,6.97468247522734
1213,1.55760698239811
1214,7.3972437994448
1215,3.48046664755182
1216,3.49562845072168
1217,3.09760132476641
1218,1.13272968146776
1219,6.06155791421889
1220,5.83670539662432
1221,2.66141647004116
1222,1.65518824281205
1223,3.39178386429496
1224,1.06940729852261
1225,1.09657248847098
1226,6.88310838716731
1227,1.46691161525729
1228,4.0889599549011
1229,4.23968628393239
1230,1.87866739350231
1231,3.4285563119589
1232,2.38433103186799
1233,2.33475426190716
1234,3.55731350502958
1235,4.74405540169533
1236,2.84373450704028
1237,4.43189705746509
1238,3.28257717984486
1239,2.59559864435612
1240,1.45929880495046
1241,2.27467610415857
1242,7.01979003077179
1243,3.45811204532966
1244,2.81283451807557
1245,1.59680470992944
1246,8.74531007148821
1247,5.84092433139053
1248,1.28741364892379
1249,5.41439091099214
1250,1.48585909483752
1251,1.77142463336222
1252,6.31219712063828
1253,5.84007279132846
1254,1.58930492634769
1255,3.65230268287184
1256,4.57590024291281
1257,0.936445156851495
1258,2.58964046586576
1259,0.898458487935399
1260,2.0348578479888
1261,5.93472152896744
1262,3.22332967145954
1263,1.52400167755056
1264,0.993987594427442
1265,3.87845288846992
1266,2.56013946999612
1267,1.51055923808326
1268,2.44839358750123
1269,1.81036132374219
1270,1.43781251551312
1271,3.2241298423825
1272,1.75088902562284
1273,4.18879194229911
1274,2.59201580458333
1275,6.3323486689685
1276,1.45542219354481
1277,1.33487905737216
1278,1.77270177258954
1279,4.41970131158088
1280,1.75263837407035
1281,2.83657874817407
1282,3.93225149332471
1283,5.54990912531058
1284,7.31041279727123
1285,6.24177976773409
1286,2.02737177674113
1287,4.87859454373384
1288,1.03792986224264
1289,2.60511942884579
1290,2.74765467473522
1291,3.60513001978313
1292,1.90613953491625
1293,2.95535091608272
1294,1.75504113767313
1295,2.17120943621055
1296,1.95451473675392
1297,4.52003418615068
1298,3.99321518747743
1299,2.34584235996028
1300,0.958103489919504
1301,10.8320110214374
1302,2.27435503583198
1303,6.87482709458252
1304,1.41085823906294
1305,2.48700941608278
1306,4.06426546948705
1307,8.39970595843655
1308,2.7398726672585
1309,1.60224680679718
1310,1.58456162882396
1311,2.37168990079606
1312,4.14886981006877
1313,2.33594959622695
1314,0.86977931593966
1315,3.42860188796143
1316,5.85786749823925
1317,1.01532159964746
1318,0.810866022131496
1319,1.96365194714642
1320,3.03510324555494
1321,3.34680115296227
1322,1.8777880776884
1323,1.30458212716269
1324,3.9238980124503
1325,4.73877969142683
1326,1.80931581870189
1327,2.39865502630958
1328,1.65474616025015
1329,0.637968792534767
1330,0.864251294584486
1331,2.34969302684977
1332,8.48628948149423
1333,5.59209004588042
1334,9.6541855478117
1335,1.29424474110593
1336,5.30153158640605
1337,3.28002571469089
1338,2.66247352643505
1339,2.87225879756124
1340,4.347506989848
1341,6.19316328741315
1342,2.75606683214055
1343,2.47487036074424
1344,2.01981466063696
1345,0.942391474466366
1346,2.52232286310819
1347,3.60003300558908
1348,6.41011521305193
1349,1.16145845945487
1350,4.80175261254215
1351,1.32569496434462
1352,4.49120618713106
1353,1.52264779721387
1354,4.10262843306552
1355,4.62441516773653
1356,8.30125915649833
1357,1.12890719893777
1358,2.69104777959245
1359,8.13000327346521
1360,6.84708409031441
1361,1.0056964769494
1362,7.37705587897543
1363,1.36578502341797
1364,2.52239641254558
1365,0.990891127871604
1366,1.5172344633324
1367,4.29805408507042
1368,2.35088423681924
1369,1.51690605416893
1370,2.13099378013333
1371,6.39319646988496
1372,1.6996518878812
1373,1.25883908225215
1374,0.887944114734734
1375,4.759614769441
1376,3.01713776688425
1377,2.44422590346477
1378,1.3081803582644
1379,1.92733088910476
1380,4.73061307162787
1381,2.05157233221761
1382,0.817765872752624
1383,4.62391341722982
1384,6.65327330800499
1385,1.23372582349833
1386,2.63566744650888
1387,4.01460879855129
1388,1.10030889581639
1389,1.25237640778582
1390,6.83427955370234
1391,5.79563017673332
1392,4.45893068542888
1393,1.39291893404426
1394,0.968113420447889
1395,1.71436264168122
1396,5.59119233535174
1397,1.98018735992156
1398,6.6901553224899
1399,1.24706872258209
1400,1.55505953879042
1401,0.864188092849674
1402,1.46554715848986
1403,4.69027236531526
1404,3.69382141673109
1405,1.7432053728108
1406,8.92527608174631
1407,9.11964312424568
1408,2.57691635081517
1409,3.48871525081226
1410,1.3442871628434
1411,0.99763951411415
1412,6.00060741432607
1413,3.46323533643894
1414,5.03441222247057
1415,2.06325229216116
1416,9.88489185855859
1417,2.26764400018241
1418,2.13766250948893
1419,2.15965504144042
1420,1.25819092967874
1421,1.98530353061974
1422,1.07862724966464
1423,1.46554715848986
1424,1.27918255677605
1425,4.96484755028802
1426,5.28404341380045
1427,4.03874251259895
1428,3.95365983083621
1429,5.42281248019213
1430,3.69534498170756
1431,3.15458304186988
1432,0.873143567457861
1433,3.94766547135196
1434,4.5828481694607
1435,2.13116439675394
1436,1.69045086082253
1437,4.71449365348197
1438,1.36402463787911
1439,1.46373334724857
1440,3.18542845779807
1441,2.43812943617833
1442,4.25666328938817
1443,1.83538636753459
1444,3.05945946773259
1445,2.85750511742975
1446,2.2967532773648
1447,1.21352482522565
1448,2.58070318432725
1449,1.40443830643927
1450,6.54696967186106
1451,2.31689600042899
1452,1.46722298627151
1453,3.37263042927031
1454,3.97799120576888
1455,1.73809697361222
1456,1.93896846718232
1457,2.23212046136789
1458,2.35518019221623
1459,1.35917182767343
1460,5.87017716204302
1461,4.95815618071014
1462,7.15334480856602
1463,2.95438990368916
1464,1.88767265018432
1465,3.65558323877532
1466,1.64554184448002
1467,2.15822877568515
1468,2.23451373877019
1469,8.74072170551477
1470,0.877199304329711
1471,2.18277786217817
1472,2.42510392744546
1473,6.27537107624642
1474,1.88975255055754
1475,2.4069322818715
1476,3.35352702305528
1477,2.22452826995939
1478,4.30354414839209
1479,2.95446373045934
1480,7.13822831048508
1481,1.51062394772727
1482,2.43437516293189
1483,6.09295558349174
1484,0.856088958699952
1485,4.7924474653905
1486,1.05725034582049
1487,1.45884737876485
1488,2.8514189186097
1489,3.9952098657396
1490,9.10188284291785
1491,0.706501206724439
1492,2.75416853710592
1493,1.81713958943734
1494,1.79166023820841
1495,1.46472784521172
1496,2.85496355965273
1497,4.39027837510765
1498,4.59779630227836
1499,2.54634348777716
1500,3.30024113125836
1501,2.04218580322396
1502,3.45811204532966
1503,2.05096746410074
1504,2.12982210223899
1505,3.3429357981747
1506,6.13117539151863
1507,1.26097297318609
1508,1.22453600197324
1509,1.16655691581871
1510,3.47397874101374
1511,5.11547513415903
1512,1.19720940960014
1513,4.16499073070421
1514,4.26550548972123
1515,1.14320807171657
1516,2.45011561501706
1517,7.64062082690775
1518,5.52505254043146
1519,6.34321819822497
1520,3.54438295984769
1521,8.40990672891627
1522,1.55312278230919
1523,5.35420750842474
1524,2.12372370117799
1525,3.04059621140998
1526,1.65170739323675
1527,0.75448932660107
1528,1.58793326135597
1529,0.843369880617159
1530,3.15950614292075
1531,2.65601993726188
1532,1.24971108926402
1533,3.94352462064252
1534,5.46167812235344
1535,6.26614127080865
1536,8.77468651610898
1537,2.22358054503048
1538,2.19533747024781
1539,6.02011797398499
1540,6.65800864789592
1541,2.42292665440895
1542,1.48555599388164
1543,3.53636424858591
1544,3.30464105049253
1545,3.07738423388769
1546,1.96283838729431
1547,3.31431873538491
1548,2.31502537359429
1549,1.99891470652461
1550,2.79228920969378
1551,1.97475059643854
1552,1.44081758969905
1553,1.42013915272414
1554,1.36180926172579
1555,2.83508444641037
1556,1.66016654353868
1557,2.41592602613125
1558,1.21907748364595
1559,4.01278358758133
1560,5.35029323492044
1561,2.51737438538494
1562,2.49904656349687
1563,1.19764279429843
1564,2.37073725182364
1565,2.48263915953738
1566,2.40692060449335
1567,1.31148085098306
1568,3.51187401338835
1569,2.51654110322272
1570,2.241284973262
1571,1.63837982552139
1572,4.09010224087667
1573,3.97660447563327
1574,1.75019306646568
1575,3.13276672519005
1576,2.00656391400529
1577,2.83283237007008
1578,1.65732390079086
1579,2.58035982051197
1580,2.4428602112193
1581,6.57809065449358
1582,5.95478350636612
1583,2.84852692365182
1584,1.61218973234031
1585,2.28901960661201
1586,2.90776540023647
1587,1.4611461583311
1588,2.46245977492157
1589,2.18868787500191
1590,4.71326042605953
1591,6.84601000892698
1592,1.4605190707648
1593,3.20772168496281
1594,1.45685604418729
1595,4.92442638146571
1596,1.45056544471645
1597,1.50037758674791
1598,3.44117172114271
1599,2.78173375260514
1600,2.53932153652369
1601,1.70946435969378
1602,7.08512266955563
1603,3.040092944143
1604,3.29262658766782
1605,6.31857092832296
1606,6.23311270472605
1607,1.77912938790049
1608,10.0084083596243
1609,1.23856518829686
1610,0.896538876545547
1611,5.31843071357587
1612,7.68167409493902
1613,0.947857347146875
1614,1.60606538452484
1615,2.2733397699813
1616,1.71784137593032
1617,1.9448142879234
1618,1.81252483884707
1619,4.48478727453342
1620,2.84932075336812
1621,1.92823758166254
1622,1.86216564218148
1623,3.97123649899002
1624,2.63325875646229
1625,1.80547977217564
1626,8.21580063362714
1627,2.43950249664844
1628,6.78128321145928
1629,3.02193116175655
1630,4.05797524074808
1631,6.34074048314518
1632,1.0521985446634
1633,1.23047442664069
1634,1.84897597353812
1635,3.07207495957505
1636,3.31009866068422
1637,5.34703573914308
1638,2.58686028352533
1639,9.06654064930168
1640,4.60435050314323
1641,1.84823756092347
1642,1.25671727827853
1643,8.2517805391354
1644,3.15424313205902
1645,1.78329847934743
1646,3.79001145363588
1647,6.28848029799949
1648,4.11407633410586
1649,1.43096684916617
1650,5.47094059959278
1651,3.45873913289596
1652,4.17014162202368
1653,1.90569458752627
1654,3.14360483686405
1655,2.22277528873893
1656,0.482632611109999
1657,1.36013040273716
1658,5.79133719809335
1659,4.97727994025175
1660,1.68574421214255
1661,5.16019809730223
1662,7.5144405851785
1663,1.69189553642332
1664,2.17013888366907
1665,3.22393683059344
1666,2.75123057002012
1667,2.76679576909652
1668,4.10368906226152
1669,5.86544799740156
1670,0.812592036919198
1671,2.27769518300704
1672,4.95824994323175
1673,3.1871728508514
1674,2.30099961886533
1675,1.34591073276023
1676,6.67572491750989
1677,2.82090307265979
1678,1.91121620755757
1679,3.72619515034676
1680,2.85715914251377
1681,3.47912892475985
1682,10.7942838870875
1683,0.854488453703871
1684,1.69279067132003
1685,1.82464695473885
1686,2.53738135949308
1687,2.89540336214882
1688,1.72942881082669
1689,3.65546459128974
1690,4.70087678951337
1691,3.47608794116686
1692,2.64804942972532
1693,9.90582288926601
1694,7.0189328812923
1695,0.939611849819871
1696,2.63709985694397
1697,4.03506783592966
1698,1.98633273793806
1699,9.17334253673909
1700,1.80477081336709
1701,1.41294119588207
1702,1.05674013648201
1703,2.07515963429772
1704,6.1816832693156
1705,1.62730918342105
1706,2.01136561988956
1707,4.14266398754218
1708,5.55926187577306
1709,1.65227340139158
1710,6.52936678414833
1711,3.92377691188755
1712,2.39525800631032
1713,3.76689336621966
1714,3.62664925916918
1715,3.39741661054152
1716,1.74854025523943
1717,6.67525433483163
1718,4.89506018645755
1719,4.12618952421799
1720,0.854153767126314
1721,3.56716859653461
1722,2.22982851260314
1723,3.0229287824922
1724,3.00928232644642
1725,2.7523448079839
1726,1.4602360068121
1727,1.06313763161985
1728,2.29617438984255
1729,1.75893018806742
1730,2.34023504414733
1731,4.25265274086999
1732,1.89286193743268
1733,1.52260313503547
1734,1.33498420147275
1735,6.70526945245972
1736,1.25070787518071
1737,3.4957634605922
1738,4.03034829103032
1739,7.99094994390901
1740,1.96070839541065
1741,2.86635972920282
1742,3.18998950770392
1743,2.77194491041213
1744,5.25392020414607
1745,6.70353985964456
1746,2.94682282384954
1747,3.76804881122105
1748,4.04710974129755
1749,1.51102694856176
1750,1.58513215199595
1751,2.18728924261178
1752,3.13010392411029
1753,4.43282442441052
1754,4.50441953740452
1755,8.85089168048767
1756,4.32504688333258
1757,2.28979795002669
1758,7.40942062985764
1759,0.709391659695606
1760,3.83116586426227
1761,2.88972153433117
1762,3.76581947351517
1763,2.60297873309647
1764,1.55692142398925
1765,2.99907709637444
1766,2.02431404535428
1767,1.46722298627151
1768,2.23438590368708
1769,1.43972949248389
1770,8.25645129021887
1771,1.70849797726882
1772,1.67185322170657
1773,1.38599996087393
1774,10.8446022256121
1775,2.40360706966023
1776,1.62168431064794
1777,2.10396762464962
1778,0.980489895923305
1779,2.64810016401324
1780,6.2456566674749
1781,3.14367683697158
1782,6.61511998769647
1783,5.2193697555719
1784,5.00876271945449
1785,2.11226475339571
1786,0.929337697781404
1787,2.42259827436223
1788,1.8960765063148
1789,6.35770193770875
1790,5.70140398573378
1791,5.33920653929004
1792,1.60262151925848
1793,2.4284854522468
1794,3.16027580480402
1795,4.68041375932698
1796,3.50757739474237
1797,0.866543904546906
1798,0.813721626748601
1799,1.48084763939684
1800,3.47472269433837
1801,3.57058808680828
1802,1.17682428059262
1803,2.23585136740378
1804,3.45328247197076
1805,2.19736045459548
1806,8.10394261284886
1807,5.89518516471971
1808,1.21046509538913
1809,0.831187154327679
1810,6.4031964812663
1811,1.82647419781269
1812,2.39342028540568
1813,1.65766925806844
1814,1.02778241733243
1815,3.74883914236406
1816,1.24124645283318
1817,1.2424837808263
1818,1.47099689886397
1819,1.88231818747164
1820,5.056572959244
1821,1.78694560515216
1822,2.13449701273909
1823,2.50144716444322
1824,2.62582105953221
1825,1.60981774288277
1826,1.62556088021658
1827,4.86734020027841
1828,2.13978610876644
1829,1.21342565409134
1830,4.54562934820429
1831,11.0641336238665
1832,5.20801442778185
1833,10.8221602809045
1834,2.83205965841654
1835,2.32425817042087
1836,3.36917750859143
1837,1.5559321812131
1838,2.57647972619428
1839,8.63424486172752
1840,6.30291970193479
1841,3.46549766523565
1842,1.75972078856287
1843,1.56018244438141
1844,1.92409921804635
1845,1.6386488949358
1846,0.968041735709729
1847,1.65182733459468
1848,1.46430174157915
1849,1.33375715912847
1850,0.953873506127351
1851,3.68104578594092
1852,5.72364874179363
1853,1.67308861259964
1854,5.01261500964867
1855,1.73592706185968
1856,7.42054221851152
1857,9.07931566811088
1858,1.48412430757574
1859,1.63425014873311
1860,1.09527175183347
1861,1.1738921768602
1862,2.71688786158698
1863,9.23008705405075
1864,1.40714656852613
1865,1.66648931810902
1866,1.15710457280675
1867,3.42793273616474
1868,1.27787107757668
1869,1.03487893941465
1870,4.1930935940055
1871,2.82478612952287
1872,1.80661317470446
1873,3.529378030671
1874,1.75127708368111
1875,3.25612080842314
1876,1.61499087082572
1877,2.40266405614219
1878,1.31821036506715
1879,2.46396842555194
1880,2.21536236960062
1881,3.61705178410587
1882,2.54942436748375
1883,6.07596398195633
1884,2.78610861792617
1885,2.24215179158798
1886,2.87572070148491
1887,1.4656543512504
1888,1.77636328320924
1889,4.28872111614804
1890,2.07227234138154
1891,2.53324310614779
1892,2.51439542784901
1893,3.66911110313678
1894,0.767331905464225
1895,2.35294263184166
1896,1.99695042854335
1897,8.45183707182495
1898,3.67900043469084
1899,2.83720062223736
1900,6.85055354975138
1901,2.45950495612778
1902,3.42502548402035
1903,2.08125930021045
1904,1.91177037125096
1905,3.08848747734547
1906,6.01721162443765
1907,2.34841657225563
1908,2.29989800896123
1909,2.77080745743681
1910,2.45431385239399
1911,3.19435884575935
1912,1.89914206941634
1913,2.68985208079955
1914,0.921272760882234
1915,3.50693554161581
1916,2.36051095738719
1917,6.35596007256243
1918,3.70993612882457
1919,1.39207678881434
1920,4.25594049048095
1921,3.18670874074621
1922,1.77879323061176
1923,1.56293661197303
1924,7.24838656852472
1925,1.07116541012664
1926,1.73267172289175
1927,2.61661697513038
1928,4.85513814905879
1929,1.70891810482723
1930,3.77289182777083
1931,1.81566842145357
1932,10.8320110214374
1933,1.61195448623207
1934,1.71442857453276
1935,5.24463143411297
1936,3.04325877911542
1937,1.84466123311652
1938,3.27826742881671
1939,1.65785402694345
1940,1.12288744548041
1941,2.82755372958032
1942,1.40917031449659
1943,1.25996438420077
1944,4.31760739226006
1945,2.95609046271545
1946,3.58382636631745
1947,1.33737334577586
1948,2.34927979839737
1949,7.6145638203814
1950,1.67257393257775
1951,5.64181680938395
1952,8.46177031875746
1953,1.35172441314984
1954,5.09747317877406
1955,0.960522693350876
1956,3.22820673367341
1957,1.7123431542597
1958,2.9164587518693
1959,6.49343513101349
1960,0.405449900939448
1961,1.32070450394964
1962,4.25334525158614
1963,4.26173833189099
1964,2.25020761258325
1965,1.97602514140268
1966,1.01689810329379
1967,10.2826685593236
1968,2.99339270886908
1969,4.35203296925022
1970,1.15938595336894
1971,1.47332163865028
1972,2.16453892314796
1973,2.90502687668395
1974,2.1845268037864
1975,2.1466985225725
1976,1.7994550342083
1977,1.84022662023483
1978,1.13459949490041
1979,0.980001597875983
1980,3.59974300331864
1981,3.35108116442483
1982,2.20695267153622
1983,2.38219145735328
1984,3.3442347292539
1985,1.40703808865909
1986,1.20615534436097
1987,1.98828363765915
1988,2.02810500009113
1989,5.23523674431311
1990,1.72524192222245
1991,4.42314691845338
1992,1.84608052139524
1993,0.993229696866294
1994,1.84931991527414
1995,2.16074462193524
1996,1.18735303480473
1997,2.29584623222742
1998,5.09521497601819
1999,1.89002213509612
2000,1.68060177896476
2001,2.0222280813453
2002,2.33316713932502
2003,1.38599428444391
2004,3.8790334823545
2005,2.60213175184136
2006,6.91848623947786
2007,7.10166389169433
2008,1.91766822137698
2009,2.15069545179021
2010,1.52315672898394
2011,2.56678583369139
2012,2.4879381697985
2013,2.32655689975546
2014,2.67979464952266
2015,3.1452615678767
2016,2.73441520382784
2017,1.08803803338485
2018,1.53681312192422
2019,2.65516114911861
2020,3.43617221886104
2021,2.44910022611856
2022,1.30558617919678
2023,2.47545541605456
2024,3.01081723944178
2025,1.7987595687461
2026,3.19700174355609
2027,4.7533949716661
2028,1.42969766747768
2029,5.05638856283275
2030,4.19760377732947
2031,1.60734444438929
2032,2.20960293869474
2033,3.25723527676311
2034,5.66275950205677
2035,2.66256647685096
2036,1.37251009166833
2037,2.27528928153607
2038,2.57102299927184
2039,3.39865438731855
2040,5.87861234542541
2041,2.54398485826988
2042,1.5527928294333
2043,3.37759901906929
2044,1.69698634421391
2045,0.972430220834461
2046,1.45771024772073
2047,1.48638192552194
2048,3.00787709262062
2049,3.64653106209604
2050,4.80548440947702
2051,7.57409740214886
2052,2.36863739402183
2053,4.82962902896277
2054,5.6501485455944
2055,7.14750413528822
2056,3.58651951736206
2057,8.54987501130378
2058,3.58194234748055
2059,1.00638400015092
2060,2.41493164835947
2061,3.39480491280213
2062,4.01935086362373
2063,2.59179157981922
2064,1.33947082620656
2065,2.92945063372213
2066,3.78727381839855
2067,1.05473347142676
2068,1.26926378556979
2069,5.72352256443221
2070,2.19127832645228
2071,7.25187654160183
2072,4.81415038454966
2073,3.13851502740729
2074,0.927906378093262
2075,1.56267784691167
2076,3.01563598628793
2077,1.82699728039099
2078,2.47063130003723
2079,9.07589626109015
2080,2.18188588989818
2081,2.72620765725983
2082,0.95798127010958
2083,2.31666815347673
2084,1.47707372680438
2085,11.1140144140972
2086,3.33793367831265
2087,6.14507096743405
2088,4.26783035695815
2089,1.44671611445202
2090,3.13844100274243
2091,3.07952827517423
2092,2.26996430250766
2093,2.44374247117758
2094,0.953988910071548
2095,2.6782577285312
2096,1.77919835116943
2097,3.72417367563216
2098,1.47429050957002
2099,3.4465038167303
2100,4.13027697196482
2101,1.41465708617083
2102,1.19028855051763
2103,5.34595446517372
2104,3.35766916054078
2105,1.3709118568277
2106,6.66754709374406
2107,1.68416568387956
2108,2.65667392210789
2109,2.51445969526423
2110,3.28257717984486
2111,2.30196071985335
2112,2.06192611804889
2113,4.51095405727586
2114,2.37310392928771
2115,0.985942625117241
2116,1.92108662354301
2117,8.67945755300463
2118,4.75368060405721
2119,1.71058719251233
2120,4.64116699557555
2121,3.7560221740458
2122,5.92661027689228
2123,6.20273523283568
2124,1.06728384259251
2125,6.02251650692155
2126,0.880043959350773
2127,5.49387637636751
2128,1.52087768909464
2129,0.701680871512618
2130,3.18322299641904
2131,1.27718274244698
2132,4.33750902714538
2133,1.2099122308856
2134,2.11661744427313
2135,6.69717021839959
2136,1.92461949681111
2137,2.57478635752873
2138,1.59021618601669
2139,3.28809176347637
2140,1.07137410419689
2141,1.18468457002373
2142,1.50377518861083
2143,8.73294131253006
2144,2.59680826687784
2145,1.21944769303341
2146,3.13291187249682
2147,1.73267172289175
2148,1.75216707820465
2149,3.48344365364579
2150,2.81425697134459
2151,1.32685624932918
2152,2.0879472423741
2153,3.63972676996185
2154,8.56139428631789
2155,4.22130404090914
2156,1.45066833023192
2157,3.1739264782945
2158,1.20885350648476
2159,1.68600388533208
2160,1.83805803137721
2161,7.54128681738218
2162,3.05307901547711
2163,1.7128597519312
2164,1.99038455205494
2165,1.90885162385303
2166,3.0359796621574
2167,2.14820390993136
2168,5.30365789635732
2169,4.54678499020712
2170,3.4487453312651
2171,1.52110024552916
2172,2.46925240050661
2173,5.5071578596538
2174,1.43043239461942
2175,2.47063130003723
2176,2.0256245149291
2177,3.74489206358653
2178,1.88016429628467
2179,3.10599623507052
2180,1.51574496199915
2181,4.80316904512455
2182,9.91561498370047
2183,3.64001486020975
2184,2.5646042639031
2185,1.50094287836746
2186,1.38759138550416
2187,2.08183390990048
2188,0.575591366428729
2189,1.43646550974781
2190,1.79278558546525
2191,2.90583145355541
2192,3.03622880458707
2193,1.20947631247645
2194,3.44762352015531
2195,1.01527151035509
2196,0.941282255820088
2197,2.87331434552756
2198,3.21746283656413
2199,3.09271424486068
2200,2.57490039376349
2201,5.65162924562111
2202,3.92284396308032
2203,4.40725173461677
2204,2.2743603383653
2205,2.28480746160464
2206,10.8352371016691
2207,2.56983846521247
2208,1.420489021067
2209,3.10614196542684
2210,1.27685052236858
2211,1.14172940666014
2212,2.27192056653121
2213,2.37545356529067
2214,1.64390087230924
2215,1.43033976159988
2216,3.16225957671447
2217,4.95941295033243
2218,3.56049751443431
2219,5.39492139685452
2220,3.55223972092045
2221,2.73295211973844
2222,4.27035966850921
2223,2.4569316754429
2224,5.95755208860297
2225,2.8422165050975
2226,2.23781132749701
2227,1.90517651489728
2228,3.59549703081687
2229,5.87865703997838
2230,1.60150764967084
2231,5.93465209075151
2232,4.28545918672708
2233,2.52894178867953
2234,2.6133582535912
2235,2.55442808529656
2236,3.61021528318253
2237,4.78205201851475
2238,2.15518728609081
2239,3.38790268646695
2240,1.59834191164042
2241,1.84615780442205
2242,2.52466050214667
2243,1.30277572220693
2244,2.34630938668654
2245,3.47769131565727
2246,1.71597443026432
2247,0.937261795196538
2248,1.26222714831869
2249,2.94926370088487
2250,2.87676777141906
2251,1.16917717508872
2252,1.2204170416327
2253,1.63275268376478
2254,1.20478155192622
2255,6.33228892829114
2256,9.18430413192359
2257,1.3400250814308
2258,6.63680480340427
2259,1.27392322436944
2260,2.65849776931389
2261,1.23374599921133
2262,0.989686185777881
2263,3.62525897741116
2264,3.66990607912677
2265,0.91600206335059
2266,2.9954879863208
2267,3.24725630776941
2268,2.78894008978219
2269,2.30208833305622
2270,4.03322520708113
2271,1.34662236222532
2272,2.61089042763702
2273,5.1840068471461
2274,1.2989076990161
2275,4.26142947892382
2276,3.80947094959176
2277,1.53752662547181
2278,3.17109289236008
2279,9.51202820557223
2280,8.85474661550457
2281,1.61364839039304
2282,1.66791327087008
2283,1.04375198476894
2284,5.29588129438373
2285,3.10602831815866
2286,6.68261102752659
2287,0.882509949326461
2288,4.03033024091289
2289,2.92951031387652
2290,1.66569793179612
2291,1.6105781222182
2292,1.30865395767602
2293,0.803346497117831
2294,3.94281522372925
2295,1.8431721847858
2296,3.31453356453514
2297,2.18974140182371
2298,5.12776707775291
2299,2.02775781656336
2300,5.26556092920294
2301,4.90080699736797
2302,8.25230746299246
2303,2.96639269582563
2304,4.28344622520076
2305,2.35581466306516
2306,7.33442686625882
2307,4.54675632482373
2308,7.15734298438722
2309,1.85038805772386
2310,1.42998419451671
2311,1.60022536203095
2312,7.24467713017734
2313,1.67222263552749
2314,1.69264167319395
2315,1.14101029833038
2316,6.0207049636192
2317,0.90757632928522
2318,1.49537595490666
2319,1.33916209290284
2320,1.15674371606917
2321,1.89380394863407
2322,2.40258501141031
2323,1.1916531074319
2324,3.68817873757022
2325,3.89522682852532
2326,8.1239931786588
2327,2.75589232279485
2328,3.74391583226612
2329,1.53430850028887
2330,2.27908064815551
2331,1.09867200507558
2332,0.955361657008548
2333,3.35453070366125
2334,1.7476323244658
2335,3.05979911595692
2336,3.07465700662318
2337,3.34558085495813
2338,1.30719403661094
2339,4.45237005256648
2340,2.63851410630852
2341,2.81866386815805
2342,5.30495674123574
2343,3.41101308938218
2344,5.17515462222548
2345,3.15150006120348
2346,4.10465026897057
2347,9.57834884139194
2348,1.39892872097933
2349,0.72922322461177
2350,4.5108898336414
2351,1.53355785875479
2352,7.39228857585678
2353,2.71571198329824
2354,5.57246000764964
2355,3.65315186472503
2356,1.83838508682668
2357,1.15931971874015
2358,3.02700928901112
2359,3.87687793326272
2360,0.800770438758174
2361,3.45368526019817
2362,1.17515479993161
2363,2.10078373225625
2364,1.28498420527999
2365,3.04277487225328
2366,1.15581737707901
2367,1.28899680551222
2368,3.46858987342883
2369,3.81382381723006
2370,4.09125411472584
2371,1.60292589991779
2372,1.01258233781529
2373,3.06938505723206
2374,5.69684782206426
2375,2.31590461978446
2376,1.56750029383993
2377,2.46694107833792
2378,1.59952803703139
2379,3.6085981166501
2380,5.63705328530705
2381,5.15674325037836
2382,2.14441845107146
2383,5.50799409187613
2384,1.22827392656131
2385,4.75222885093292
2386,8.12339644595129
2387,1.50565896054695
2388,1.30582672410014
2389,1.01086550994299
2390,1.7627163675282
2391,4.09075895275307
2392,2.10508151319903
2393,3.42705296114169
2394,9.55477352800062
2395,3.73075443019873
2396,5.71224666943193
2397,2.73768823379692
2398,2.44664693737538
2399,1.54464430065427
2400,4.22952652557338
2401,1.23878632317792
2402,7.60629446752941
2403,4.06990435618292
2404,6.72853556486571
2405,5.40178286869252
2406,2.29949743471119
2407,3.27272643931198
2408,1.47099689886397
2409,1.57852108680543
2410,4.69114963669376
2411,1.70492374750781
2412,3.3429357981747
2413,2.53921679235512
2414,3.48718399600747
2415,9.37941897359424
2416,1.2449541555822
2417,2.88320666532569
2418,1.4933565744337
2419,0.935003195130804
2420,2.69897680897156
2421,1.58670834954179
2422,1.83723514437247
2423,1.40427919600165
2424,8.56920146124013
2425,6.62786812801591
2426,3.52508451746839
2427,2.04015270689516
2428,3.55985730721935
2429,1.88977872510027
2430,4.39691190720851
2431,3.02865500858361
2432,5.20387827714934
2433,1.23158566280203
2434,2.03649958257385
2435,1.8290791414001
2436,1.22380878870496
2437,4.30218585032641
2438,3.2708726904369
2439,1.2169777984592
2440,3.16297226189552
2441,2.07621322238522
2442,3.9202253631371
2443,1.80092216201197
2444,2.56497877801124
2445,8.94580079671011
2446,2.10959057483701
2447,2.37098853558332
2448,4.24452646737411
2449,1.49830874507183
2450,5.04342686723311
2451,1.13797259367893
2452,3.04173754864287
2453,5.05502204006507
2454,5.97894579498159
2455,2.669647288197
2456,3.39775342699982
2457,1.93479266761621
2458,2.24619497081479
2459,3.67343251997637
2460,2.72925826035074
2461,2.24971625380629
2462,1.93651909608241
2463,3.16647695791366
2464,0.586813482843077
2465,2.31475918558204
2466,2.96550679732978
2467,4.36665447727083
2468,2.77680682531387
2469,1.31425238147913
2470,1.59616337934522
2471,2.80380923612601
2472,4.85002680427015
2473,2.96516321699732
2474,0.534377350775816
2475,4.44964951877128
2476,1.01913683198173
2477,2.9178601003087
2478,6.81669201329835
2479,4.33903860569292
2480,1.26528272421425
2481,2.69705994517112
2482,2.43485918940021
2483,1.82608597365451
2484,1.18573430559744
2485,1.55458000058837
2486,2.86815086154734
2487,5.12691960857522
2488,3.24363519646189
2489,7.03482212482301
2490,1.82935438116617
2491,1.58545126182978
2492,1.571078934898
2493,3.96985977906286
2494,1.50799365266581
2495,3.50053049846487
2496,2.42641254451137
2497,1.54045760990485
2498,1.43306493397699
2499,1.54084405720479
2500,3.26273705711794
2501,5.17520075234338
2502,1.96106088945149
2503,3.02797122256958
2504,2.59581968948188
2505,1.38599996087393
2506,2.97112158610501
2507,6.93925653899116
2508,2.80366936714293
2509,6.69671845229196
2510,1.40078754000125
2511,2.65930534013767
2512,6.74323064690487
2513,6.22575328284477
2514,4.88262700431566
2515,0.984368561039531
2516,2.84608136637081
2517,1.02528431990858
2518,4.20744586791972
2519,4.69658032051705
2520,2.49000785280274
2521,1.83306095491275
2522,1.34240089780683
2523,6.62385057873832
2524,1.85019270237538
2525,4.03869284271985
2526,9.09281291577554
2527,1.51102694856176
2528,7.82106226023572
2529,2.04057520662129
2530,1.93051195427337
2531,2.26419090398457
2532,4.94341194894998
2533,1.54791393735009
2534,5.08208550601336
2535,2.7555162621309
2536,1.25095232443481
2537,2.0246313691552
2538,3.44826130479679
2539,6.73273065824839
2540,2.70864050530631
2541,3.24961208698567
2542,3.33926193503026
2543,1.50866680682813
2544,7.58043877873523
2545,3.25938012612885
2546,3.18914137384781
2547,7.10259566955166
2548,2.71576653719092
2549,0.89754341319721
2550,2.52931328464339
2551,1.4424934174807
2552,1.49854139274624
2553,2.34039952308223
2554,8.82456730633965
2555,1.41839093625619
2556,7.61382909332958
2557,5.31889467460993
2558,7.12325911158835
2559,5.54412335032764
2560,1.14595337125189
2561,1.28517786967917
2562,2.76214018387599
2563,0.997133448373976
2564,3.2771562463355
2565,5.04010888935934
2566,1.4768457580333
2567,4.60446948591456
2568,2.35432608488561
2569,1.41114666535953
2570,1.37016362709751
2571,6.09247748440229
2572,1.13228565431232
2573,3.45734619313082
2574,3.5100729570964
2575,2.43347319106467
2576,0.732208500925911
2577,1.63323170017882
2578,3.46179785184774
2579,1.38432413309228
2580,5.93281244804454
2581,2.82379592939671
2582,1.96434623808297
2583,2.43437516293189
2584,3.76318999093745
2585,1.2200691869171
2586,5.50396566775141
2587,2.73961091164811
2588,2.6206967098215
2589,4.99258863684339
2590,1.29168823702826
2591,3.05581725553436
2592,4.2156659174589
2593,2.92937018161309
2594,3.00777227187689
2595,3.01567034731049
2596,2.97651987720175
2597,1.32660511341277
2598,1.97366135930559
2599,5.06859734769591
2600,2.82898583647949
2601,3.61508845030165
2602,4.06312371047733
2603,0.480227171192527
2604,1.94100452825042
2605,6.73435601210404
2606,2.92716073739883
2607,2.84249398977976
2608,1.21583463218117
2609,2.46455447209682
2610,1.40656918269814
2611,1.47722977047093
2612,0.569865247212137
2613,2.8055113426222
2614,2.60830932589359
2615,4.10745077456307
2616,1.96648363614657
2617,3.26024993250127
2618,3.99030961525448
2619,4.00194440442062
2620,1.87943741105783
2621,3.05426228891201
2622,1.51430872539101
2623,2.14241276838186
2624,1.828177170125
2625,2.04373158299776
2626,6.00757496927456
2627,3.09621812871869
2628,1.64213379539699
2629,1.42350100165023
2630,4.20120561205977
2631,3.55188787019534
2632,3.86175272258582
2633,1.06207064720278
2634,1.33687546094867
2635,10.8034833638194
2636,4.82248005571179
2637,1.4139716283902
2638,6.83367356805055
2639,4.61259422389438
2640,3.84069407229765
2641,3.07183783859805
2642,1.3958507014068
2643,1.11385081219899
2644,3.86286039012766
2645,3.42020500606718
2646,2.92686969729219
2647,2.82882214324185
2648,1.28890825958609
2649,6.21068034280487
2650,1.86676556009028
2651,3.88249205192196
2652,1.61661042167717
2653,5.00858179672562
2654,1.18051447851715
2655,2.93793731282579
2656,2.42682733774697
2657,0.955934128931145
2658,1.62002582502541
2659,1.61226905532253
2660,1.35493416550484
2661,3.0426536400467
2662,6.44211985941182
2663,3.39634798601986
2664,3.38852977403325
2665,2.45359459222993
2666,3.40823125509899
2667,1.8263404475084
2668,7.35915209712467
2669,3.36326436680675
2670,1.15780523460518
2671,2.93194569219559
2672,0.848113553429128
2673,3.75217647658697
2674,3.79001377438554
2675,1.3596765839758
2676,1.04443789060571
2677,4.32237219151225
2678,1.55944210293601
2679,1.27944321577527
2680,5.89068123619595
2681,2.88097015658081
2682,2.78524594716876
2683,3.29960865844205
2684,3.06916289874638
2685,1.59073247865056
2686,4.869079690991
2687,2.48380885427754
2688,1.31495994749491
2689,4.5557232662362
2690,1.42927615683029
2691,10.8123095403716
2692,4.45961120572
2693,1.37769187473293
2694,4.18947937460313
2695,2.47586515880471
2696,3.77474778239841
2697,2.85593034494867
2698,1.07664583366143
2699,2.98767986608995
2700,4.55248727161991
2701,4.51225941260756
2702,0.735845879011632
2703,4.9897296749697
2704,5.74156423382125
2705,1.77774287275834
2706,2.12761108476679
2707,2.05434885195933
2708,1.69070557637257
2709,1.42603001057172
2710,7.34373413246768
2711,2.58927603903401
2712,3.04246604962419
2713,3.15896286115797
2714,4.34783331831693
2715,2.2138765142887
2716,3.28811816934958
2717,1.52087768909464
2718,8.00381479997505
2719,6.45387335572375
2720,3.29055109376761
2721,4.41557363429423
2722,1.72655749928379
2723,2.57924264194286
2724,1.57170747022314
2725,1.75057554719541
2726,1.88042948627891
2727,1.45688574983218
2728,1.71521283659275
2729,2.50761812973951
2730,1.57057923782469
2731,0.819933705813868
2732,1.51102694856176
2733,2.98691233623701
2734,3.0096682446503
2735,4.06488874773873
2736,2.94884114212357
2737,3.72087822133433
2738,4.78506511587775
2739,2.07219103111172
2740,1.71027475449954
2741,2.1473751409243
2742,0.227719808806228
2743,1.38639520764977
2744,6.82831827798936
2745,2.24148802106127
2746,3.47277831806177
2747,1.61150236129944
2748,1.87869114761516
2749,1.77623126645752
2750,3.03600045761562
2751,2.54432493946825
2752,2.83182670882836
2753,3.32320845121553
2754,1.58534765049624
2755,1.72070344085899
2756,1.22465743289492
2757,2.45292630089484
2758,2.19347920867484
2759,4.70641575096527
2760,3.65218661761827
2761,3.02392100316354
2762,3.28981293879198
2763,0.472026141176064
2764,4.38590573647653
2765,2.45442697851937
2766,3.28811816934958
2767,3.63359472910194
2768,1.06517835388798
2769,1.73551564043916
2770,3.77566614045074
2771,1.65451305528138
2772,1.36560482743548
2773,4.72463876427695
2774,1.67162253154466
2775,2.91979651449503
2776,2.69680021651091
2777,1.43945871841224
2778,1.5167380382232
2779,6.14643835639701
2780,2.27362787657442
2781,7.3356094726047
2782,2.77935700205077
2783,4.51344566314449
2784,3.59161695994714
2785,2.50238582362386
2786,1.49090962222654
2787,1.48092376681961
2788,0.49965001610301
2789,5.73109269310212
2790,2.54013288405492
2791,2.73209878713819
2792,2.1498356425529
2793,1.61159572129656
2794,5.16334601939375
2795,5.34866182488387
2796,2.28546097096006
2797,1.58217937034359
2798,10.6312336853821
2799,8.75989893698165
2800,1.67104657356597
2801,1.46161956810616
2802,3.15777866079323
2803,2.06067092229859
2804,1.10649200158225
2805,1.49132546749602
2806,0.906133099430462
2807,2.54822326488325
2808,2.34881405442885
2809,1.73162047628671
2810,1.48084763939684
2811,7.30152281282902
2812,2.68277038158416
2813,1.51102694856176
2814,6.71852632776655
2815,4.86202690229246
2816,2.96404023808369
2817,2.49572291301875
2818,1.41689361223616
2819,1.9567821385017
2820,1.97487279528955
2821,2.87549569860914
2822,6.61809574116408
2823,1.73746755147633
2824,3.03910520105542
2825,1.80150316450331
2826,0.758732529241943
2827,6.43379175681129
2828,2.76386298460265
2829,4.58304028765694
2830,2.15925065737716
2831,2.51694792059261
2832,2.94477171286996
2833,1.27082371371897
2834,2.29408760225558
2835,3.69354009274776
2836,3.53946907647677
2837,2.1575868609009
2838,1.88312763506251
2839,3.06469442034984
2840,1.45484773537851
2841,3.0383295451263
2842,1.50559157380902
2843,5.69070109446885
2844,1.37399231121529
2845,2.58624542304189
2846,2.16634105013253
2847,1.89658867210149
2848,1.37244815822319
2849,2.30360278366776
2850,6.5624817188198
2851,1.73979565228045
2852,1.61213564194078
2853,9.46438060298509
2854,5.99141339586306
2855,4.05050288714516
2856,2.80185138463426
2857,1.23042204881539
2858,2.25270805838404
2859,1.3123280890683
2860,0.897057937265487
2861,1.81853122036899
2862,3.2764197413955
2863,1.34207033625595
2864,6.30423321525911
2865,2.56042317362065
2866,2.37286979537956
2867,1.47099689886397
2868,4.88049841671248
2869,4.05846546474999
2870,3.43812407344194
2871,2.47623496723469
2872,1.89201386878494
2873,1.53960512677757
2874,1.05833731108795
2875,3.01390696936038
2876,6.96581940837437
2877,2.49290539935826
2878,2.61099149431888
2879,1.15995721759216
2880,3.27661680739031
2881,1.49028279728107
2882,2.36608005696897
2883,4.1190899665646
2884,0.770390728523031
2885,2.41673936189636
2886,1.86226455147866
2887,1.31445274353575
2888,1.36250922349181
2889,1.48662669452886
2890,3.88979106618204
2891,4.97986100950748
2892,1.48033859130022
2893,1.53474185294742
2894,1.89859131976458
2895,2.08090322489501
2896,7.04155584726293
2897,4.13820854918461
2898,3.72039029606283
2899,4.06954650914758
2900,1.97139108041091
2901,2.85401599205431
2902,1.43184364533399
2903,1.11004780350231
2904,0.837610816657738
2905,1.11700481028968
2906,1.17375492098096
2907,1.78637011169987
2908,5.41988389858855
2909,2.7648919439224
2910,1.56184616040397
2911,1.80045377219613
2912,2.6178161185892
2913,2.47074849924252
2914,2.8649283761293
2915,10.7470140834473
2916,10.8079115714199
2917,1.04280733255132
2918,3.86144007987448
2919,5.39805105812248
2920,1.4413932982385
2921,3.57646048343557
2922,1.33408639166407
2923,7.12796018407424
2924,3.45138884335738
2925,3.24655088198127
2926,2.60707712340328
2927,8.85474661550457
2928,2.31964068242858
2929,2.53984241820013
2930,7.93041950099902
2931,5.27121528406926
2932,3.29859599744875
2933,3.97989566258018
2934,1.61623574356616
2935,1.66510485468155
2936,1.83494962422586
2937,3.50019791418979
2938,2.24950497150009
2939,1.41739948436605
2940,4.10322750427823
2941,3.96389765540464
2942,3.06492003548848
2943,1.89975535836904
2944,1.89924491089732
2945,4.7258579955052
2946,2.03211104638808
2947,6.56933558921161
2948,1.01912531309898
2949,1.37808946762194
2950,5.77438950068032
2951,1.6691736262977
2952,1.24937845182368
2953,2.13452839380033
2954,0.747475952399326
2955,2.13661006021083
2956,1.29661769056187
2957,2.64475621649718
2958,7.83045724020247
2959,4.10443138847632
2960,2.48815551746775
2961,2.31364464061814
2962,6.88580963285588
2963,2.46905970137436
2964,1.32311162946618
2965,0.90956747315719
2966,9.20780648206541
2967,1.36175847074234
2968,1.30118633080612
2969,1.104237056521
2970,7.39807426611373
2971,3.29063087046632
2972,1.04006777382739
2973,7.66836246447504
2974,1.57463965715332
2975,2.29022123586784
2976,5.31464010341385
2977,4.34261908704889
2978,0.606160434253792
2979,1.26838902742046
2980,1.79638327539106
2981,2.14686466198628
2982,5.83839193079231
2983,3.43672737666282
2984,4.45810035212545
2985,1.46905766048351
2986,5.44581698832101
2987,2.00139576879411
2988,2.46546751225533
2989,6.03590907794895
2990,1.09538162460341
2991,0.617520343374156
2992,2.61673148349225
2993,3.50042835218099
2994,1.24064440455405
2995,2.69510469137035
2996,1.90916960955051
2997,0.514803753897917
2998,1.42264506591062
2999,1.13702108251968
3000,1.49741509295018
3001,1.63850740491163
3002,7.70695187780575
3003,1.78701364048533
3004,7.67892593843785
3005,2.56264562752877
3006,1.38378525903967
3007,1.73751722125182
3008,2.54221590158799
3009,2.56222359685249
3010,1.34758771509444
3011,1.45484419284814
3012,1.436656400414
3013,3.56521307325482
3014,2.11638154525841
3015,1.365924500656
3016,1.20608704891424
3017,3.14584736022616
3018,1.41207692218404
3019,6.44879219200338
3020,0.989844966666502
3021,1.28772724704298
3022,1.52136171556295
3023,6.82059646710772
3024,0.586673844985368
3025,1.31435140123355
3026,2.04876940114068
3027,8.54976031437885
3028,1.55136565944846
3029,3.55651428801949
3030,4.09143817501096
3031,1.42030911615437
3032,3.17462920970281
3033,3.1027325633319
3034,5.61712114174113
3035,2.63221457848246
3036,8.05246359952099
3037,3.02749420727551
3038,0.802914332291837
3039,1.49236368211744
3040,1.65496058574125
3041,3.78254954918057
3042,1.63621982255902
3043,3.30398568822035
3044,10.7919809717396
3045,2.08736885317485
3046,1.40476628313085
3047,2.95156555493607
3048,2.65609792569795
3049,8.99797180526805
3050,4.2739675530887
3051,1.16425713360843
3052,3.35772337730203
3053,2.78791826001557
3054,1.67331667474182
3055,5.06024671038646
3056,3.31369076519449
3057,1.88318427811689
3058,10.7168347742824
3059,2.75532189334318
3060,10.8123095403716
3061,2.0039363331923
3062,6.17899948668722
3063,4.02586914843455
3064,1.60987878455457
3065,3.55935140168937
3066,2.35844801509908
3067,1.76494176165959
3068,4.8438104842417
3069,3.83347939150402
3070,1.56481204163151
3071,8.65646667137975
3072,9.33216002605512
3073,1.34634184071332
3074,0.606772910442287
3075,1.14948329277704
3076,1.20755228251714
3077,2.68806480769631
3078,0.743222837104143
3079,1.45066833023192
3080,6.95190217172507
3081,1.53294572040041
3082,2.14206730759221
3083,1.12477027740933
3084,2.96825399785766
3085,2.94322280790365
3086,6.1512350899926
3087,4.85724666245973
3088,5.91294932461616
3089,0.718884161743642
3090,4.23007658025061
3091,5.91409845229389
3092,1.89931382466008
3093,0.812537813026911
3094,5.04774348281488
3095,1.09203839287344
3096,1.57799100689971
3097,1.30077098557091
3098,3.33206014120097
3099,1.09348521567978
3100,3.61106708460691
3101,1.31976934514081
3102,3.4581064793432
3103,1.11411206434058
3104,4.86744220040433
3105,4.31935374970644
3106,1.15408522018888
3107,1.85676541376028
3108,1.54123827083137
3109,2.50021682309884
3110,1.26991651174162
3111,8.48747409986765
3112,1.46474016601093
3113,3.77811434199747
3114,1.85534974609704
3115,2.22450557910369
3116,1.52692854993271
3117,2.75189372952623
3118,7.04442058096328
3119,1.09088052194621
3120,2.39535756386823
3121,3.59538504353741
3122,5.28424813885575
3123,1.059766191285
3124,1.40016045243496
3125,2.00359554366745
3126,1.18476780486839
3127,7.29171217329103
3128,3.45811204532966
3129,1.62216271562768
3130,2.92024164894227
3131,1.69327259437729
3132,5.11929800540585
3133,1.30308660952038
3134,2.9561702218119
3135,1.43948718411438
3136,0.833676909268679
3137,4.26464169074882
3138,1.40257117214963
3139,5.9529458499836
3140,2.18996418382871
3141,6.9509132531478
3142,7.24144227972849
3143,1.49079333492481
3144,2.53351712774288
3145,7.0249350552307
3146,1.05833731108795
3147,2.00228325245025
3148,1.95255306636572
3149,5.16291278413696
3150,2.26819966824885
3151,4.29066984665572
3152,1.55535448600966
3153,0.805691533385774
3154,7.32330672907307
3155,1.88750687556359
3156,1.69581558592584
3157,4.12216406588766
3158,0.902825419316486
3159,2.51840626139114
3160,2.92542098208921
3161,1.5355327920622
3162,4.40186777864704
3163,1.87666316107941
3164,2.72742225419082
3165,8.92542158308717
3166,4.80954481019503
3167,5.08210633837806
3168,2.06040081940433
3169,10.8446875308559
3170,4.67609057124867
3171,9.09485533997108
3172,2.5980014344584
3173,1.08585927739052
3174,2.65609919034844
3175,3.25793886018466
3176,2.16814526404149
3177,1.61735803550941
3178,2.00815653180384
3179,3.12057543694591
3180,2.99638051752134
3181,1.85827214694615
3182,3.37211450677779
3183,1.73043873933262
3184,8.26516438896005
3185,3.21760903080488
3186,1.68566659033652
3187,1.78273759177942
3188,3.84238548458113
3189,4.55233562255293
3190,1.48108358188922
3191,2.19289176438569
3192,2.00177381050489
3193,3.21842729976426
3194,2.24986109006763
3195,2.90503202815065
3196,0.834754699583988
3197,2.20881009343878
3198,6.61181909510979
3199,1.74066020282944
3200,2.49852825369337
3201,1.45176882757328
3202,2.07155564547721
3203,2.98325082958799
3204,3.30038601101704
3205,6.75034100502228
3206,1.44081758969905
3207,0.65711589612009
3208,3.0255209266548
3209,2.57179196017947
3210,3.36326436680675
3211,5.14746855881866
3212,4.79496570888234
3213,2.03626287069797
3214,1.91614978494855
3215,2.54616453662107
3216,1.2089939099712
3217,3.8284013600019
3218,1.44081758969905
3219,7.62860691982128
3220,1.47267272664562
3221,0.46730060310718
3222,3.89095959622964
3223,1.22645058656873
3224,2.78994330966646
3225,1.86999203712136
3226,4.47845041059771
3227,3.45598174338111
3228,1.32070450394964
3229,2.18169049339566
3230,2.76333877525391
3231,0.754960012982351
3232,2.62347428477202
3233,4.82484776929383
3234,0.738139661875725
3235,6.25343160000925
3236,1.47743951386602
3237,1.2438139986418
3238,4.19956447051642
3239,5.03979721744209
3240,1.18503854955268
3241,1.5560406530776
3242,1.01364395092097
3243,2.38506533069314
3244,2.66065563242507
3245,7.08594362093924
3246,2.3701912036698
3247,3.2831499225095
3248,6.17492351475148
3249,2.25758094205154
3250,2.76502725470939
3251,7.82219893391371
3252,4.21083709722882
3253,4.30549072902753
3254,1.37060823083633
3255,2.14811966121023
3256,2.32103531116973
3257,1.500564565376
3258,0.875386447583927
3259,3.9024122383751
3260,5.22425814934632
3261,2.76705657907442
3262,6.44219012957343
3263,2.88163174677058
3264,6.13136378289974
3265,1.40988430833924
3266,1.91677116863384
3267,0.841045468020928
3268,1.91197655198295
3269,2.93738285514319
3270,3.7325894752252
3271,5.63401199965246
3272,2.37284604872554
3273,3.32811971465335
3274,5.68524130618919
3275,2.19059508414864
3276,1.3782159754498
3277,5.72704282701345
3278,2.47178049419469
3279,1.83806394879959
3280,1.84997698340694
3281,3.04913095877888
3282,7.7890642834887
3283,2.70529730564756
3284,2.17007693977141
3285,4.83194898778549
3286,0.921340239049263
3287,5.4992273887206
3288,1.99588925842509
3289,7.59597003660626
3290,1.61542245228464
3291,5.44995601082344
3292,5.15528654699961
3293,5.0284960594192
3294,2.91927863019357
3295,5.02059921300134
3296,3.38013254572505
3297,9.05208640704327
3298,7.583365526485
3299,1.33645113096795
3300,2.33398649490426
3301,1.41891356940323
3302,3.02681487396024
3303,1.21342922477626
3304,0.946152716183233
3305,3.95788982861673
3306,2.47440521262969
3307,2.11800582741075
3308,2.53668663892847
3309,2.79328919754211
3310,1.39044420463181
3311,2.05683842036305
3312,6.5489596013048
3313,0.949773730309092
3314,2.90631039313214
3315,2.41751981070145
3316,3.07466976548424
3317,1.41063828053413
3318,8.62763219535142
3319,2.40734611035907
3320,5.8172096156867
3321,1.03736758663191
3322,1.53353273263462
3323,10.7174618618487
3324,3.41808199563187
3325,6.01662623192997
3326,1.27264056267259
3327,4.77459399707611
3328,2.15031780503603
3329,1.18459553725236
3330,1.94590910833673
3331,1.18337476829851
3332,2.46078055950435
3333,2.24170046044258
3334,1.18017637675665
3335,2.31410515849872
3336,1.85198381908715
3337,1.16061714885729
3338,2.46027610818069
3339,4.86292552324991
3340,2.75354459561933
3341,7.40471239671952
3342,1.41075085413806
3343,2.19287025127478
3344,7.04753260035497
3345,1.12423691892252
3346,1.4795582835438
3347,1.58096350130656
3348,4.03213375954911
3349,4.93010727201944
3350,5.3728517833241
3351,1.92632397123325
3352,1.26548385133002
3353,1.40520257536385
3354,3.21305332217331
3355,1.29081806974222
3356,1.7012969312312
3357,1.49069837992972
3358,4.5736518718951
3359,2.42125278490543
3360,2.1095333556242
3361,1.51449402985445
3362,2.93127790745742
3363,1.44689441763946
3364,5.36355395347126
3365,2.07784965079754
3366,3.12959596335475
3367,3.37805194593407
3368,1.68316794729318
3369,1.22754526631593
3370,2.35794051504622
3371,2.10236033644978
3372,2.12690806342828
3373,1.62990804646904
3374,1.94531927812435
3375,1.30100302288389
3376,1.42014002438898
3377,6.59271569163327
3378,3.26616106525201
3379,2.65306123552634
3380,2.04972265556971
3381,6.05531399641898
3382,1.4256226313813
3383,4.53799913730138
3384,3.69758939656696
3385,1.43434058844324
3386,3.26464277569137
3387,1.20904425175498
3388,2.62941965094432
3389,2.9174371741741
3390,2.34333412990427
3391,4.65153829440095
3392,1.31064631773877
3393,5.39784269163277
3394,1.97045121369839
3395,2.87267629172731
3396,1.21734914940559
3397,5.27012070169699
3398,0.453758104093866
3399,2.83491019795871
3400,0.913256420552897
3401,5.75406665298419
3402,5.00213046893751
3403,3.7214259657057
3404,3.17519672202173
3405,1.29994736211745
3406,1.81765649934825
3407,2.60513596361299
3408,3.1322744525191
3409,5.68918612671771
3410,5.56866116501378
3411,5.41520473832098
3412,1.96310360988848
3413,1.21908459744543
3414,2.24029390746423
3415,1.40391236470693
3416,0.70437348200968
3417,1.01520875253168
3418,1.42300679127407
3419,0.83760613924408
3420,2.46172387187207
3421,1.70900936808228
3422,3.48112983506391
3423,5.54690666663245
3424,7.05043131322822
3425,1.10685249875055
3426,2.92793383587068
3427,1.75395685872446
3428,1.16882808482309
3429,1.51125584576016
3430,1.04587060398613
3431,1.75123127142668
3432,0.912222540543882
3433,2.56104332829486
3434,1.56578325675485
3435,0.937455685603275
3436,7.41998223146674
3437,2.74611123256398
3438,7.4070876973279
3439,5.03831648236646
3440,2.02394283087872
3441,4.75129322504308
3442,3.35917234701546
3443,1.47249282173299
3444,2.38894318356208
3445,2.52399329202015
3446,4.13084616349361
3447,0.37408105577092
3448,3.07806746427416
3449,3.11232864936049
3450,1.95557568373608
3451,2.46508177863024
3452,8.25496188649057
3453,2.34173975500643
3454,1.57085025327321
3455,5.13761781828578
3456,6.11180801536379
3457,2.37343471876982
3458,8.90656812056129
3459,2.51916162206947
3460,1.29052519478471
3461,0.665975216947609
3462,5.26962132181065
3463,2.257420193843
3464,3.62048279607823
3465,1.55401341255601
3466,6.28584002956709
3467,1.70388692197527
3468,1.94259198870224
3469,1.46033916585217
3470,3.88500599936113
3471,1.85113990940893
3472,1.81781610400219
3473,5.22319589929585
3474,2.65714020912229
3475,3.81426896454125
3476,1.34534282360983
3477,1.9435384215135
3478,2.03215404701296
3479,5.5477107807026
3480,3.09729376619629
3481,2.73026164824004
3482,5.78354426809851
3483,2.33294908502268
3484,1.3636874932177
3485,2.71522735155919
3486,1.8331262559045
3487,1.8239804108376
3488,1.42461825333972
3489,1.17905075950258
3490,4.64404767039754
3491,1.93454342605267
3492,3.00447305520918
3493,2.21237617270699
3494,1.41198934117022
3495,2.26197097470686
3496,1.44616667867734
3497,6.63608274502279
3498,2.32734328517293
3499,4.55204964138088
3500,3.42585988502409
3501,4.24405102523989
3502,2.90613935208485
3503,2.75193807598645
3504,4.07996348192248
3505,1.57518250250769
3506,1.44384935306998
3507,1.54921822258596
3508,2.30577543140573
3509,1.7271679518597
3510,1.72500587669814
3511,2.90558265499124
3512,1.31356266863333
3513,3.44152451202835
3514,1.5643398647367
3515,1.36255420711966
3516,4.0132210044741
3517,0.887196125335271
3518,4.19646223398237
3519,3.62229501229273
3520,8.44445796943961
3521,2.713934694566
3522,0.931534039728711
3523,3.64962913367045
3524,0.846293581580325
3525,1.19385935299299
3526,3.29726486375794
3527,2.8057162015147
3528,5.05292399432878
3529,2.41220778403418
3530,1.72041501381185
3531,2.24914629449751
3532,6.43101839444431
3533,1.01562084825515
3534,2.17964862871525
3535,1.71599851614319
3536,1.84845452096442
3537,3.29859599744875
3538,4.51308757801922
3539,1.57726720415324
3540,2.63710807473179
3541,1.58830716190995
3542,2.8081924977992
3543,2.88013982858808
3544,3.94977455721638
3545,1.23671265742137
3546,5.95133077500567
3547,2.01365679322666
3548,1.92163143036319
3549,1.71102952699995
3550,0.808122247180562
3551,1.8638773239522
3552,3.29456174396029
3553,10.6219870957595
3554,2.37342717395342
3555,2.64930053046752
3556,2.49660696752239
3557,4.61064414609439
3558,5.52196318637434
3559,2.6861992464268
3560,1.3486595570931
3561,2.28916028604861
3562,2.16555666434213
3563,5.67045993315052
3564,2.2660256180164
3565,0.913816378193544
3566,1.94134551249616
3567,2.85377635739403
3568,3.73548861281187
3569,4.3889012314788
3570,2.86275657086498
3571,2.28485307689432
3572,0.928811674823955
3573,2.61152317615967
3574,1.40570144193968
3575,1.2695924752424
3576,1.86947006018311
3577,2.72131819092756
3578,2.16892637971893
3579,3.7326091992525
3580,2.04090661013632
3581,1.31090940441585
3582,2.44392123982305
3583,5.00437285876736
3584,1.41190444724151
3585,1.66029275315054
3586,1.44639769975493
3587,3.19135806377025
3588,1.75261670009536
3589,2.77201449979069
3590,1.80157874747668
3591,3.3083131661633
3592,2.29488374475331
3593,1.93744016457598
3594,2.30036008881404
3595,4.93824138194204
3596,4.67023929244588
3597,5.86237188592992
3598,5.36441834343731
3599,1.27514040232605
3600,6.90722535695768
3601,2.93754468848067
3602,2.52745694375531
3603,2.65539108688045
3604,7.00508853303705
3605,1.57271401356848
3606,2.27045511245942
3607,3.8744786483041
3608,2.90895077570319
3609,1.66264893846813
3610,3.06084231097127
3611,2.23722362118242
3612,1.04280704848786
3613,0.782847680412248
3614,1.15742343079628
3615,2.70260317935569
3616,1.16262253855344
3617,3.8191142964454
3618,1.98967709461797
3619,1.42892329520425
3620,1.8199634457953
3621,4.75187308915694
3622,1.42652269430523
3623,3.48623570106792
3624,1.23220269117928
3625,5.73839198341321
3626,5.14716202178144
3627,3.1790318597598
3628,1.71850730476827
3629,1.19699647772197
3630,3.49329537143754
3631,1.33506581070311
3632,5.28546713606604
3633,0.479154760136071
3634,4.73589929242609
3635,6.25661258449201
3636,0.970672578470326
3637,2.06450372861049
3638,4.17471775084476
3639,1.44701427544541
3640,10.6226141833258
3641,1.18459553725236
3642,2.21402655520567
3643,3.65823761000861
3644,1.61860817317175
3645,1.65444654945722
3646,5.64490968405921
3647,3.66990607912677
3648,7.51451392246272
3649,2.533507761082
3650,3.70755406611973
3651,2.73405450522894
3652,4.2933437570557
3653,1.21491790334222
3654,6.46117324122058
3655,3.01311642276247
3656,6.52524759562856
3657,2.38812242393438
3658,1.46333520312437
3659,1.53638030514719
3660,1.38498208925274
3661,6.90542977654795
3662,2.54237813877632
3663,3.5326429620269
3664,3.50422195417484
3665,2.11336089217203
3666,2.58603433172285
3667,2.66809667175854
3668,3.27871388795124
3669,2.3273691273023
3670,2.43437516293189
3671,7.61948154045475
3672,0.917988373530345
3673,2.21136916298263
3674,2.23505853312896
3675,3.77224097117109
3676,1.25733935235553
3677,3.26314568078172
3678,4.01636671560635
3679,2.82797458081871
3680,0.593797220436297
3681,4.9358695820878
3682,2.8399318483975
3683,1.60010383057007
3684,1.64151427718949
3685,1.4693096261931
3686,2.9268000068148
3687,8.79007824614657
3688,2.31081872543109
3689,2.2566541830705
3690,2.1701344432836
3691,0.729005536768246
3692,6.61558411042143
3693,2.35825556532589
3694,2.08390437429495
3695,7.2577374492953
3696,9.33322112135188
3697,2.05984753517311
3698,2.03493432937552
3699,4.28182255493722
3700,1.91201113928578
3701,1.75484376272137
3702,9.90925277482674
3703,2.35469699556635
3704,3.48295823638357
3705,4.00535890872471
3706,1.41930015372033
3707,2.65695258968102
3708,5.56409520882289
3709,4.02832271157612
3710,2.53945229739691
3711,1.64246814561494
3712,4.53286107286329
3713,4.85735326904021
3714,3.44668216564759
3715,2.60505378957016
3716,5.16571761030681
3717,5.02448866246948
3718,3.52779510834475
3719,2.00442684999143
3720,5.47602177710361
3721,2.27158755854872
3722,4.17916027840406
3723,2.63154358231585
3724,1.9726983515374
3725,1.37301356145285
3726,2.53747578417831
3727,1.55676007609479
3728,1.30841300839008
3729,1.35248883306194
3730,4.31056792363369
3731,1.62632163785253
3732,4.88925737716375
3733,1.92417184954017
3734,3.36374761887927
3735,1.02339938705015
3736,3.17999770310556
3737,1.76119785004786
3738,2.15638993349562
3739,3.37805194593407
3740,1.9759915059582
3741,1.71241255148782
3742,2.32727160457893
3743,1.41063828053413
3744,2.65010253521498
3745,5.94243899655258
3746,3.06305979421632
3747,3.22488739410316
3748,1.86352498391263
3749,3.43411712404259
3750,2.04972589080077
3751,2.33454760494977
3752,2.02157806787296
3753,2.70769246226445
3754,2.38379157508892
3755,0.892893655582264
3756,1.53043904832644
3757,4.36360774629865
3758,2.10845510062828
3759,2.59584305218488
3760,1.42763142222757
3761,3.54094700745285
3762,0.649431590100738
3763,1.9525732016456
3764,1.84777052833186
3765,1.51594042417518
3766,4.1618573980276
3767,10.7919809717396
3768,3.6076597589216
3769,2.10978564529744
3770,6.04617845352859
3771,2.04611361123084
3772,2.71572406252877
3773,2.24036667640828
3774,2.70267953626796
3775,3.42885565913302
3776,1.66714523207686
3777,4.42751593346366
3778,1.29774100485539
3779,1.81545397637073
3780,4.90102591064173
3781,1.40215163353028
3782,1.60430056882616
3783,1.4605190707648
3784,0.796468216206458
3785,10.2821019021055
3786,1.29052519478471
3787,2.39202547474176
3788,1.6119654974083
3789,2.71202548570551
3790,0.691428104558971
3791,3.60494694787287
3792,5.00400791008207
3793,2.62007024856553
3794,1.63017719207421
3795,2.55794285317348
3796,1.73401127332727
3797,3.26782790470041
3798,2.89014471255397
3799,0.757490622668294
3800,1.75553666023542
3801,1.00803734798
3802,0.967152626003138
3803,2.42047735971143
3804,5.34506275245002
3805,2.68792539199598
3806,2.12306804798738
3807,2.17301141522239
3808,3.24908221574998
3809,2.98712606725439
3810,4.02513602485236
3811,3.07750622833644
3812,1.49069837992972
3813,1.20052103613068
3814,2.27101257642642
3815,3.04955381141569
3816,1.06510953906924
3817,1.14222037292002
3818,0.697508088716084
3819,2.38412772324939
3820,1.6571860711674
3821,1.47525730736288
3822,3.20137368844663
3823,0.955987211705224
3824,5.97506190437362
3825,1.68932527588019
3826,1.40610216948585
3827,1.74625878414563
3828,6.03404337948561
3829,1.1088893545659
3830,0.683752525088257
3831,1.88970843404576
3832,5.95513858125267
3833,1.86860826721608
3834,2.98798255247233
3835,2.91186082964504
3836,9.13067318022398
3837,4.73165624051829
3838,1.74206371746968
3839,5.28956444410509
3840,0.978881362602634
3841,2.67155887210283
3842,1.04081288580547
3843,1.70043258723264
3844,0.947370478708368
3845,3.37830991242739
3846,4.662859736784
3847,6.84941307602302
3848,1.54902396478594
3849,3.03974682662701
3850,2.45388749736611
3851,6.83680306623866
3852,1.49061383404702
3853,2.21467371171553
3854,2.18587004149322
3855,3.4552699054435
3856,1.77067172674111
3857,1.30926511116843
3858,9.40727645007633
3859,6.26642651802089
3860,2.48858243103315
3861,2.28030780047846
3862,4.71884673146207
3863,1.12117383948161
3864,7.34151896557844
3865,3.7957157002438
3866,3.1633857426661
3867,2.27952445799246
3868,0.706995519791446
3869,4.20381878219784
3870,7.35746722030957
3871,2.25953780828884
3872,2.48330337443545
3873,3.41833551360867
3874,1.38465514099084
3875,3.09474240193014
3876,2.77707585678903
3877,6.0189160888202
3878,5.21917156147883
3879,2.22280521631511
3880,9.20358277154715
3881,4.44870854998119
3882,8.60186271578042
3883,1.64828762919506
3884,2.9409607970786
3885,2.56524218798052
3886,2.19886696425807
3887,6.57334641405181
3888,2.65372351834242
3889,2.88860710149779
3890,2.35608214044856
3891,1.63820885234375
3892,3.25039103499973
3893,3.65359285885717
3894,2.96188941605221
3895,2.53612659481778
3896,3.48600563428619
3897,4.77429302478603
3898,3.38898113614068
3899,1.49887329268094
3900,2.14798991044435
3901,1.14911433466789
3902,3.87003191130753
3903,3.98073213872967
3904,4.78350981199421
3905,6.57123249435033
3906,1.9507045556092
3907,5.00540455339084
3908,2.79918265651098
3909,1.88518261188257
3910,4.44358374334144
3911,6.04720567020013
3912,6.36035432658742
3913,0.732595615301267
3914,1.62386965098599
3915,3.3662422713352
3916,2.22346236777717
3917,1.12385575992487
3918,2.817086120941
3919,0.707629789049291
3920,1.4031287736064
3921,5.09093756527703
3922,3.42756151089181
3923,6.87713248151804
3924,2.03743581724181
3925,3.87995002513853
3926,1.10441491917195
3927,1.43859936444311
3928,0.948097902527445
3929,1.3958507014068
3930,1.50690783046161
3931,5.50340291413782
3932,1.9542690729116
3933,2.76334545175677
3934,1.14742007036088
3935,0.740754551750252
3936,1.92902957150176
3937,2.33967953990714
3938,3.52892592797855
3939,3.89835737009313
3940,2.30182658513681
3941,2.5387364463036
3942,4.18617650173465
3943,3.525464687134
3944,1.90911701703667
3945,2.32048222965491
3946,2.37175555677182
3947,2.02074225044561
3948,6.42263551061438
3949,4.89447158171736
3950,1.59779399467104
3951,2.73450845443917
3952,1.29147372550164
3953,2.84046488160682
3954,1.93690463060705
3955,3.6200252888961
3956,1.49876223899123
3957,2.58475872602235
3958,1.86954668278726
3959,7.48963462755234
3960,0.682801636755937
3961,2.49665074130344
3962,1.04330718496715
3963,3.07730395649069
3964,3.58449653514932
3965,6.07200997870484
3966,0.667299866982095
3967,2.29290935907538
3968,2.67336665406076
3969,2.24459133544127
3970,8.09568979539002
3971,1.35582065170901
3972,2.62771887224437
3973,6.34627487030469
3974,2.54187751476029
3975,2.84328848479385
3976,0.861390052810956
3977,3.05215941726288
3978,4.89824620658834
3979,8.25039888359177
3980,1.47099689886397
3981,3.49111712338025
3982,9.11642143953235
3983,6.49369350108751
3984,5.2335560364259
3985,1.42341902398125
3986,6.02934916167068
3987,0.950668129716263
3988,1.88770165979409
3989,3.52006086686611
3990,1.43096684916617
3991,4.42324843324134
3992,3.63617114161164
3993,5.66606099439025
3994,5.0792376681078
3995,6.03077357416486
3996,1.66945060551937
3997,3.34857804443977
3998,1.70002653741463
3999,4.9615484869498
4000,3.5445327385856
